2-41-33-16.png,281,320,-0.2358
2-41-34-17.png,231,320,-0.7075
2-41-35-18.png,206,320,-0.9434
2-41-37-19.png,206,320,-0.9434
2-41-39-20.png,256,320,-0.4717
2-41-41-21.png,256,320,-0.4717
2-41-44-22.png,231,320,-0.7075
2-41-45-23.png,231,320,-0.7075
2-41-46-24.png,231,320,-0.7075
2-41-47-25.png,206,320,-0.9434
2-41-48-26.png,231,320,-0.7075
2-41-50-27.png,256,320,-0.4717
2-41-51-28.png,256,320,-0.4717
2-41-53-29.png,206,320,-0.9434
2-41-54-30.png,206,320,-0.9434
2-41-56-31.png,256,320,-0.4717
2-41-58-32.png,231,320,-0.7075
2-41-59-33.png,256,320,-0.4717
2-42-0-34.png,256,320,-0.4717
2-42-2-35.png,231,320,-0.7075
2-42-3-36.png,206,320,-0.9434
2-42-5-37.png,231,320,-0.7075
2-42-6-38.png,256,320,-0.4717
2-42-7-39.png,256,320,-0.4717
2-42-8-40.png,231,320,-0.7075
2-42-9-41.png,256,320,-0.4717
2-42-10-42.png,231,320,-0.7075
2-42-11-43.png,231,320,-0.7075
2-42-13-44.png,231,320,-0.7075
2-42-14-45.png,231,320,-0.7075
2-42-16-46.png,256,320,-0.4717
2-42-17-47.png,231,320,-0.7075
2-42-18-48.png,231,320,-0.7075
2-42-19-49.png,231,320,-0.7075
2-42-20-50.png,256,320,-0.4717
2-42-21-51.png,231,320,-0.7075
2-42-23-52.png,231,320,-0.7075
2-42-24-53.png,231,320,-0.7075
2-42-25-54.png,206,320,-0.9434
2-42-27-55.png,231,320,-0.7075
2-42-33-56.png,231,320,-0.7075
2-42-33-57.png,231,320,-0.7075
2-42-33-58.png,231,320,-0.7075
2-42-34-59.png,231,320,-0.7075
2-42-34-60.png,231,320,-0.7075
2-42-34-61.png,231,320,-0.7075
2-42-34-62.png,231,320,-0.7075
2-42-34-63.png,231,320,-0.7075
2-42-35-64.png,231,320,-0.7075
2-42-35-65.png,231,320,-0.7075
2-42-35-66.png,231,320,-0.7075
2-42-36-67.png,206,320,-0.9434
2-42-44-68.png,231,320,-0.7075
2-42-44-69.png,231,320,-0.7075
2-42-45-70.png,231,320,-0.7075
2-42-45-71.png,231,320,-0.7075
2-42-45-72.png,231,320,-0.7075
2-42-45-73.png,231,320,-0.7075
2-42-45-74.png,231,320,-0.7075
2-42-46-75.png,231,320,-0.7075
2-42-46-76.png,231,320,-0.7075
2-42-49-77.png,206,320,-0.9434
2-42-49-78.png,206,320,-0.9434
2-42-50-79.png,256,320,-0.4717
2-42-51-80.png,256,320,-0.4717
2-42-52-81.png,256,320,-0.4717
2-42-53-82.png,256,320,-0.4717
2-42-53-83.png,231,320,-0.7075
2-42-55-84.png,206,320,-0.9434
2-42-56-85.png,206,320,-0.9434
2-42-57-86.png,256,320,-0.4717
2-42-58-87.png,231,320,-0.7075
2-42-59-88.png,231,320,-0.7075
2-43-0-89.png,231,320,-0.7075
2-43-2-90.png,256,320,-0.4717
2-43-2-91.png,256,320,-0.4717
2-43-3-92.png,256,320,-0.4717
2-43-5-93.png,206,320,-0.9434
2-43-5-94.png,206,320,-0.9434
2-43-6-95.png,231,320,-0.7075
2-43-8-96.png,256,320,-0.4717
2-43-9-97.png,231,320,-0.7075
2-43-11-98.png,231,320,-0.7075
2-43-12-99.png,256,320,-0.4717
2-43-13-100.png,256,320,-0.4717
2-43-14-0.png,231,320,-0.7075
2-43-15-1.png,206,320,-0.9434
2-43-16-2.png,206,320,-0.9434
2-43-17-3.png,231,320,-0.7075
2-43-18-4.png,231,320,-0.7075
2-43-19-5.png,231,320,-0.7075
2-43-20-6.png,231,320,-0.7075
2-43-21-7.png,256,320,-0.4717
2-43-22-8.png,231,320,-0.7075
2-43-23-9.png,231,320,-0.7075
2-43-25-10.png,231,320,-0.7075
2-43-26-11.png,231,320,-0.7075
2-43-27-12.png,231,320,-0.7075
2-43-29-13.png,206,320,-0.9434
2-43-30-14.png,231,320,-0.7075
2-43-30-15.png,256,320,-0.4717
2-43-32-16.png,231,320,-0.7075
2-43-32-17.png,231,320,-0.7075
2-43-34-18.png,206,320,-0.9434
2-43-34-19.png,206,320,-0.9434
2-43-35-20.png,231,320,-0.7075
2-43-37-21.png,256,320,-0.4717
2-43-37-22.png,231,320,-0.7075
2-43-38-23.png,231,320,-0.7075
2-43-40-24.png,256,320,-0.4717
2-43-41-25.png,231,320,-0.7075
2-43-42-26.png,231,320,-0.7075
2-43-43-27.png,231,320,-0.7075
2-43-44-28.png,206,320,-0.9434
2-43-45-29.png,231,320,-0.7075
2-43-46-30.png,231,320,-0.7075
2-44-3-31.png,256,320,-0.4717
2-44-3-32.png,256,320,-0.4717
2-44-3-33.png,256,320,-0.4717
2-44-4-34.png,256,320,-0.4717
2-44-4-35.png,256,320,-0.4717
2-44-4-36.png,231,320,-0.7075
2-44-4-37.png,231,320,-0.7075
2-44-4-38.png,231,320,-0.7075
2-44-5-39.png,231,320,-0.7075
2-44-5-40.png,231,320,-0.7075
2-44-5-41.png,231,320,-0.7075
2-44-6-42.png,231,320,-0.7075
2-44-8-43.png,231,320,-0.7075
2-44-9-44.png,231,320,-0.7075
2-44-10-45.png,206,320,-0.9434
2-44-11-46.png,281,320,-0.2358
2-44-12-47.png,206,320,-0.9434
2-44-14-48.png,206,320,-0.9434
2-44-15-49.png,206,320,-0.9434
2-44-18-50.png,256,320,-0.4717
2-44-19-51.png,231,320,-0.7075
2-44-20-52.png,231,320,-0.7075
2-44-22-53.png,231,320,-0.7075
2-44-22-54.png,231,320,-0.7075
2-44-24-55.png,256,320,-0.4717
2-44-24-56.png,256,320,-0.4717
2-44-25-57.png,256,320,-0.4717
2-44-26-58.png,231,320,-0.7075
2-44-26-59.png,231,320,-0.7075
2-44-28-60.png,256,320,-0.4717
2-44-28-61.png,256,320,-0.4717
2-44-30-62.png,231,320,-0.7075
2-44-30-63.png,231,320,-0.7075
2-44-31-64.png,256,320,-0.4717
2-44-32-65.png,256,320,-0.4717
2-44-33-66.png,256,320,-0.4717
2-44-34-67.png,231,320,-0.7075
2-44-35-68.png,256,320,-0.4717
2-44-36-69.png,256,320,-0.4717
2-44-37-70.png,206,320,-0.9434
2-44-38-71.png,231,320,-0.7075
2-44-39-72.png,256,320,-0.4717
2-44-40-73.png,231,320,-0.7075
2-44-42-74.png,256,320,-0.4717
2-44-43-75.png,256,320,-0.4717
2-44-43-76.png,256,320,-0.4717
2-44-44-77.png,231,320,-0.7075
2-44-45-78.png,231,320,-0.7075
2-44-46-79.png,256,320,-0.4717
2-44-47-80.png,231,320,-0.7075
2-44-47-81.png,231,320,-0.7075
2-44-49-82.png,231,320,-0.7075
2-44-49-83.png,256,320,-0.4717
2-44-57-84.png,231,320,-0.7075
2-44-57-85.png,231,320,-0.7075
2-44-59-86.png,256,320,-0.4717
2-45-0-87.png,281,320,-0.2358
2-45-1-88.png,256,320,-0.4717
2-45-2-89.png,231,320,-0.7075
2-45-3-90.png,231,320,-0.7075
2-45-4-91.png,231,320,-0.7075
2-45-5-92.png,231,320,-0.7075
2-45-6-93.png,256,320,-0.4717
2-45-7-94.png,231,320,-0.7075
2-45-20-95.png,231,320,-0.7075
2-45-20-96.png,256,320,-0.4717
2-45-20-97.png,256,320,-0.4717
2-45-20-98.png,256,320,-0.4717
2-45-21-99.png,231,320,-0.7075
2-45-21-100.png,231,320,-0.7075
2-45-21-0.png,231,320,-0.7075
2-45-21-1.png,231,320,-0.7075
2-45-21-2.png,231,320,-0.7075
2-45-22-3.png,256,320,-0.4717
2-45-22-4.png,256,320,-0.4717
2-45-23-5.png,231,320,-0.7075
2-45-24-6.png,256,320,-0.4717
2-45-25-7.png,256,320,-0.4717
2-45-26-8.png,256,320,-0.4717
2-45-27-9.png,231,320,-0.7075
2-45-28-10.png,256,320,-0.4717
2-45-30-11.png,256,320,-0.4717
2-45-30-12.png,231,320,-0.7075
2-45-31-13.png,231,320,-0.7075
2-45-32-14.png,256,320,-0.4717
2-45-33-15.png,281,320,-0.2358
2-45-34-16.png,256,320,-0.4717
2-45-34-17.png,231,320,-0.7075
2-45-36-18.png,231,320,-0.7075
2-45-37-19.png,231,320,-0.7075
2-45-37-20.png,256,320,-0.4717
2-45-38-21.png,256,320,-0.4717
2-45-39-22.png,231,320,-0.7075
2-45-40-23.png,231,320,-0.7075
2-45-41-24.png,256,320,-0.4717
2-45-41-25.png,256,320,-0.4717
2-45-42-26.png,256,320,-0.4717
2-45-43-27.png,281,320,-0.2358
2-45-44-28.png,206,320,-0.9434
2-45-44-29.png,206,320,-0.9434
2-45-46-30.png,231,320,-0.7075
2-45-47-31.png,256,320,-0.4717
2-45-47-32.png,256,320,-0.4717
2-45-49-33.png,256,320,-0.4717
2-45-49-34.png,256,320,-0.4717
2-45-50-35.png,256,320,-0.4717
2-45-51-36.png,256,320,-0.4717
2-45-52-37.png,256,320,-0.4717
2-45-52-38.png,231,320,-0.7075
2-45-53-39.png,231,320,-0.7075
2-45-54-40.png,256,320,-0.4717
2-45-55-41.png,256,320,-0.4717
2-45-56-42.png,206,320,-0.9434
2-45-57-43.png,231,320,-0.7075
2-45-58-44.png,256,320,-0.4717
2-45-58-45.png,281,320,-0.2358
2-45-59-46.png,256,320,-0.4717
2-46-1-47.png,231,320,-0.7075
2-46-1-48.png,231,320,-0.7075
2-46-2-49.png,256,320,-0.4717
2-46-3-50.png,231,320,-0.7075
2-46-4-51.png,256,320,-0.4717
2-46-5-52.png,256,320,-0.4717
2-46-5-53.png,256,320,-0.4717
2-46-6-54.png,256,320,-0.4717
2-46-7-55.png,231,320,-0.7075
2-46-8-56.png,206,320,-0.9434
2-46-9-57.png,256,320,-0.4717
2-46-17-58.png,231,320,-0.7075
2-46-17-59.png,231,320,-0.7075
2-46-17-60.png,206,320,-0.9434
2-46-17-61.png,206,320,-0.9434
2-46-17-62.png,206,320,-0.9434
2-46-18-63.png,206,320,-0.9434
2-46-18-64.png,206,320,-0.9434
2-46-18-65.png,231,320,-0.7075
2-46-18-66.png,231,320,-0.7075
2-46-18-67.png,256,320,-0.4717
2-46-19-68.png,256,320,-0.4717
2-46-20-69.png,281,320,-0.2358
2-46-21-70.png,256,320,-0.4717
2-46-22-71.png,231,320,-0.7075
2-46-23-72.png,256,320,-0.4717
2-46-24-73.png,231,320,-0.7075
2-46-25-74.png,231,320,-0.7075
2-46-26-75.png,256,320,-0.4717
2-46-27-76.png,256,320,-0.4717
2-46-28-77.png,281,320,-0.2358
2-46-42-78.png,231,320,-0.7075
2-46-42-79.png,231,320,-0.7075
2-46-43-80.png,256,320,-0.4717
2-46-45-81.png,256,320,-0.4717
2-46-45-82.png,256,320,-0.4717
2-46-47-83.png,206,320,-0.9434
2-46-47-84.png,206,320,-0.9434
2-46-49-85.png,256,320,-0.4717
2-46-50-86.png,206,320,-0.9434
2-46-51-87.png,231,320,-0.7075
2-46-52-88.png,256,320,-0.4717
2-46-54-89.png,256,320,-0.4717
2-46-55-90.png,206,320,-0.9434
2-46-56-91.png,206,320,-0.9434
2-46-58-92.png,281,320,-0.2358
2-46-59-93.png,231,320,-0.7075
2-47-0-94.png,256,320,-0.4717
2-47-2-95.png,231,320,-0.7075
2-47-3-96.png,231,320,-0.7075
2-47-4-97.png,231,320,-0.7075
2-47-5-98.png,256,320,-0.4717
2-47-6-99.png,256,320,-0.4717
2-47-8-100.png,256,320,-0.4717
2-47-10-0.png,231,320,-0.7075
2-47-12-1.png,256,320,-0.4717
2-47-13-2.png,231,320,-0.7075
2-47-14-3.png,231,320,-0.7075
2-47-15-4.png,231,320,-0.7075
2-47-16-5.png,281,320,-0.2358
2-47-18-6.png,281,320,-0.2358
2-47-19-7.png,206,320,-0.9434
2-47-20-8.png,206,320,-0.9434
2-47-22-9.png,256,320,-0.4717
2-47-23-10.png,231,320,-0.7075
2-47-24-11.png,256,320,-0.4717
2-47-26-12.png,281,320,-0.2358
2-47-26-13.png,256,320,-0.4717
2-47-28-14.png,231,320,-0.7075
2-47-29-15.png,231,320,-0.7075
2-47-30-16.png,231,320,-0.7075
2-47-31-17.png,256,320,-0.4717
2-47-34-18.png,231,320,-0.7075
2-47-35-19.png,231,320,-0.7075
2-47-37-20.png,256,320,-0.4717
2-47-46-21.png,206,320,-0.9434
2-47-46-22.png,206,320,-0.9434
2-47-46-23.png,206,320,-0.9434
2-47-47-24.png,206,320,-0.9434
2-47-47-25.png,206,320,-0.9434
2-47-55-37.png,356,320,0.4717
2-47-57-38.png,381,320,0.7075
2-47-58-39.png,381,320,0.7075
2-47-58-40.png,381,320,0.7075
2-48-0-41.png,356,320,0.4717
2-48-0-42.png,381,320,0.7075
2-48-1-43.png,381,320,0.7075
2-48-3-44.png,381,320,0.7075
2-48-4-45.png,356,320,0.4717
2-48-6-46.png,356,320,0.4717
2-48-6-47.png,381,320,0.7075
2-48-7-48.png,381,320,0.7075
2-48-8-49.png,381,320,0.7075
2-48-10-50.png,381,320,0.7075
2-48-11-51.png,381,320,0.7075
2-48-12-52.png,381,320,0.7075
2-48-16-53.png,381,320,0.7075
2-48-17-54.png,381,320,0.7075
2-48-19-55.png,406,320,0.9434
2-48-20-56.png,406,320,0.9434
2-48-21-57.png,381,320,0.7075
2-48-22-58.png,331,320,0.2358
2-48-23-59.png,356,320,0.4717
2-48-24-60.png,381,320,0.7075
2-48-25-61.png,381,320,0.7075
2-48-27-62.png,381,320,0.7075
2-48-27-63.png,356,320,0.4717
2-48-29-64.png,381,320,0.7075
2-48-30-65.png,381,320,0.7075
2-48-31-66.png,356,320,0.4717
2-48-32-67.png,356,320,0.4717
2-48-33-68.png,356,320,0.4717
2-48-35-69.png,381,320,0.7075
2-48-35-70.png,381,320,0.7075
2-48-36-71.png,381,320,0.7075
2-48-38-72.png,406,320,0.9434
2-48-39-73.png,331,320,0.2358
2-48-40-74.png,356,320,0.4717
2-48-41-75.png,381,320,0.7075
2-48-42-76.png,381,320,0.7075
2-48-43-77.png,381,320,0.7075
2-48-45-78.png,381,320,0.7075
2-48-46-79.png,356,320,0.4717
2-48-47-80.png,356,320,0.4717
2-48-48-81.png,356,320,0.4717
2-48-49-82.png,381,320,0.7075
2-48-51-83.png,381,320,0.7075
2-48-52-84.png,356,320,0.4717
2-49-2-85.png,356,320,0.4717
2-49-2-86.png,356,320,0.4717
2-49-2-87.png,356,320,0.4717
2-49-2-88.png,356,320,0.4717
2-49-3-89.png,356,320,0.4717
2-49-3-90.png,356,320,0.4717
2-49-3-91.png,356,320,0.4717
2-49-3-92.png,356,320,0.4717
2-49-3-93.png,356,320,0.4717
2-49-4-94.png,356,320,0.4717
2-49-4-95.png,356,320,0.4717
2-49-4-96.png,356,320,0.4717
2-49-5-97.png,381,320,0.7075
2-49-6-98.png,381,320,0.7075
2-49-9-99.png,406,320,0.9434
2-49-10-100.png,356,320,0.4717
2-49-11-0.png,356,320,0.4717
2-49-12-1.png,356,320,0.4717
2-49-14-2.png,356,320,0.4717
2-49-15-3.png,356,320,0.4717
2-49-16-4.png,381,320,0.7075
2-49-17-5.png,406,320,0.9434
2-49-18-6.png,406,320,0.9434
2-49-18-7.png,406,320,0.9434
2-49-19-8.png,406,320,0.9434
2-49-20-9.png,406,320,0.9434
2-49-21-10.png,356,320,0.4717
2-49-22-11.png,356,320,0.4717
2-49-23-12.png,356,320,0.4717
2-49-24-13.png,331,320,0.2358
2-49-25-14.png,356,320,0.4717
2-49-26-15.png,381,320,0.7075
2-49-27-16.png,381,320,0.7075
2-49-28-17.png,356,320,0.4717
2-49-29-18.png,356,320,0.4717
2-49-30-19.png,381,320,0.7075
2-49-31-20.png,356,320,0.4717
2-49-32-21.png,356,320,0.4717
2-49-33-22.png,356,320,0.4717
2-49-34-23.png,381,320,0.7075
2-49-35-24.png,356,320,0.4717
2-49-36-25.png,381,320,0.7075
2-49-37-26.png,381,320,0.7075
2-49-39-27.png,381,320,0.7075
2-49-40-28.png,331,320,0.2358
2-49-41-29.png,381,320,0.7075
2-49-41-30.png,356,320,0.4717
2-49-42-31.png,381,320,0.7075
2-49-44-32.png,381,320,0.7075
2-49-45-33.png,381,320,0.7075
2-49-46-34.png,356,320,0.4717
2-49-47-35.png,381,320,0.7075
2-49-48-36.png,331,320,0.2358
2-49-50-37.png,356,320,0.4717
2-49-51-38.png,381,320,0.7075
2-49-52-39.png,381,320,0.7075
2-49-53-40.png,381,320,0.7075
2-49-53-41.png,356,320,0.4717
2-49-54-42.png,356,320,0.4717
2-49-55-43.png,381,320,0.7075
2-49-55-44.png,406,320,0.9434
2-49-56-45.png,381,320,0.7075
2-49-58-46.png,331,320,0.2358
2-49-58-47.png,356,320,0.4717
2-50-44-48.png,356,320,0.4717
2-50-45-49.png,356,320,0.4717
2-50-45-50.png,356,320,0.4717
2-50-45-51.png,356,320,0.4717
2-50-45-52.png,356,320,0.4717
2-50-45-53.png,331,320,0.2358
2-50-46-54.png,331,320,0.2358
2-50-46-55.png,331,320,0.2358
2-50-46-56.png,356,320,0.4717
2-50-46-57.png,381,320,0.7075
2-50-46-58.png,381,320,0.7075
2-50-47-59.png,381,320,0.7075
2-50-48-60.png,331,320,0.2358
2-50-49-61.png,356,320,0.4717
2-50-50-62.png,356,320,0.4717
2-50-52-63.png,381,320,0.7075
2-50-52-64.png,381,320,0.7075
2-50-53-65.png,356,320,0.4717
2-50-54-66.png,356,320,0.4717
2-50-55-67.png,356,320,0.4717
2-50-56-68.png,356,320,0.4717
2-50-57-69.png,381,320,0.7075
2-50-58-70.png,381,320,0.7075
2-50-59-71.png,356,320,0.4717
2-51-0-72.png,356,320,0.4717
2-51-1-73.png,356,320,0.4717
2-51-2-74.png,356,320,0.4717
2-51-3-75.png,356,320,0.4717
2-51-4-76.png,381,320,0.7075
2-51-5-77.png,381,320,0.7075
2-51-6-78.png,381,320,0.7075
2-51-7-79.png,381,320,0.7075
2-51-8-80.png,381,320,0.7075
2-51-11-81.png,356,320,0.4717
2-51-12-82.png,381,320,0.7075
2-51-13-83.png,381,320,0.7075
2-51-14-84.png,356,320,0.4717
2-51-15-85.png,356,320,0.4717
2-51-16-86.png,331,320,0.2358
2-51-17-87.png,331,320,0.2358
2-51-18-88.png,356,320,0.4717
2-51-19-89.png,381,320,0.7075
2-51-20-90.png,381,320,0.7075
2-51-21-91.png,381,320,0.7075
2-51-23-92.png,381,320,0.7075
2-51-24-93.png,381,320,0.7075
2-51-25-94.png,356,320,0.4717
2-51-25-95.png,356,320,0.4717
2-51-26-96.png,356,320,0.4717
2-51-28-97.png,381,320,0.7075
2-51-28-98.png,381,320,0.7075
2-51-29-99.png,381,320,0.7075
2-51-30-100.png,356,320,0.4717
2-51-31-0.png,356,320,0.4717
2-51-32-1.png,331,320,0.2358
2-51-33-2.png,331,320,0.2358
2-51-34-3.png,331,320,0.2358
2-51-35-4.png,356,320,0.4717
2-51-37-5.png,381,320,0.7075
2-51-38-6.png,381,320,0.7075
2-51-39-7.png,406,320,0.9434
2-51-40-8.png,406,320,0.9434
2-51-41-9.png,406,320,0.9434
2-51-43-10.png,356,320,0.4717
2-51-51-11.png,381,320,0.7075
2-51-51-12.png,381,320,0.7075
2-51-51-13.png,381,320,0.7075
2-51-51-14.png,381,320,0.7075
2-51-52-18.png,381,320,0.7075
2-51-52-19.png,381,320,0.7075
2-51-53-20.png,381,320,0.7075
2-51-53-21.png,381,320,0.7075
2-51-54-22.png,381,320,0.7075
2-51-55-23.png,356,320,0.4717
2-51-55-24.png,356,320,0.4717
2-51-57-25.png,356,320,0.4717
2-51-57-26.png,381,320,0.7075
2-51-58-27.png,381,320,0.7075
2-51-59-28.png,381,320,0.7075
2-52-0-29.png,381,320,0.7075
2-52-1-30.png,356,320,0.4717
2-52-2-31.png,356,320,0.4717
2-52-3-32.png,331,320,0.2358
2-52-4-33.png,356,320,0.4717
2-52-5-34.png,356,320,0.4717
2-52-5-35.png,356,320,0.4717
2-52-7-36.png,381,320,0.7075
2-52-7-37.png,381,320,0.7075
2-52-8-38.png,381,320,0.7075
2-52-8-39.png,356,320,0.4717
2-52-10-40.png,356,320,0.4717
2-52-11-41.png,356,320,0.4717
2-52-12-42.png,381,320,0.7075
2-52-12-43.png,406,320,0.9434
2-52-13-44.png,406,320,0.9434
2-52-14-45.png,406,320,0.9434
2-52-15-46.png,406,320,0.9434
2-52-16-47.png,381,320,0.7075
2-52-17-48.png,381,320,0.7075
2-52-17-49.png,331,320,0.2358
2-52-19-50.png,331,320,0.2358
2-52-19-51.png,356,320,0.4717
2-52-20-52.png,356,320,0.4717
2-52-20-53.png,356,320,0.4717
2-52-22-54.png,381,320,0.7075
2-52-22-55.png,381,320,0.7075
2-52-23-56.png,381,320,0.7075
2-52-24-57.png,381,320,0.7075
2-52-26-58.png,356,320,0.4717
2-52-26-59.png,356,320,0.4717
2-52-27-60.png,381,320,0.7075
2-52-28-61.png,381,320,0.7075
2-52-29-62.png,356,320,0.4717
2-52-29-63.png,331,320,0.2358
2-52-31-64.png,356,320,0.4717
2-52-32-65.png,381,320,0.7075
2-52-32-66.png,381,320,0.7075
2-52-33-67.png,381,320,0.7075
2-52-42-68.png,356,320,0.4717
2-52-42-69.png,356,320,0.4717
2-52-43-70.png,356,320,0.4717
2-52-44-71.png,381,320,0.7075
2-52-45-72.png,356,320,0.4717
2-52-46-73.png,356,320,0.4717
2-52-47-74.png,356,320,0.4717
2-52-57-75.png,381,320,0.7075
2-52-57-76.png,381,320,0.7075
2-52-57-77.png,381,320,0.7075
2-52-57-78.png,356,320,0.4717
2-52-57-79.png,356,320,0.4717
2-52-58-80.png,331,320,0.2358
2-52-58-81.png,331,320,0.2358
2-52-58-82.png,331,320,0.2358
2-52-58-83.png,331,320,0.2358
2-52-58-84.png,356,320,0.4717
2-52-59-85.png,356,320,0.4717
2-52-59-86.png,356,320,0.4717
2-53-0-87.png,381,320,0.7075
2-53-1-88.png,381,320,0.7075
2-53-2-89.png,356,320,0.4717
2-53-3-90.png,381,320,0.7075
2-53-4-91.png,356,320,0.4717
2-53-5-92.png,356,320,0.4717
2-53-6-93.png,381,320,0.7075
2-53-7-94.png,381,320,0.7075
2-53-12-95.png,381,320,0.7075
2-53-13-96.png,356,320,0.4717
2-53-14-97.png,356,320,0.4717
2-53-16-98.png,381,320,0.7075
2-53-16-99.png,356,320,0.4717
2-53-17-100.png,356,320,0.4717
2-53-19-0.png,356,320,0.4717
2-53-19-1.png,356,320,0.4717
2-53-20-2.png,381,320,0.7075
2-53-21-3.png,381,320,0.7075
2-53-22-4.png,356,320,0.4717
2-53-23-5.png,381,320,0.7075
2-53-24-6.png,356,320,0.4717
2-53-25-7.png,356,320,0.4717
2-53-25-8.png,356,320,0.4717
2-53-26-9.png,381,320,0.7075
2-53-27-10.png,381,320,0.7075
2-53-29-11.png,381,320,0.7075
2-53-30-12.png,381,320,0.7075
2-53-31-13.png,356,320,0.4717
2-53-32-14.png,356,320,0.4717
2-53-33-15.png,356,320,0.4717
2-53-34-16.png,331,320,0.2358
2-53-35-17.png,356,320,0.4717
2-53-36-18.png,381,320,0.7075
2-53-37-19.png,381,320,0.7075
2-53-39-20.png,381,320,0.7075
2-53-39-21.png,381,320,0.7075
2-53-40-22.png,356,320,0.4717
2-53-41-23.png,356,320,0.4717
2-53-42-24.png,356,320,0.4717
2-53-43-25.png,356,320,0.4717
2-53-44-26.png,406,320,0.9434
2-53-45-27.png,406,320,0.9434
2-53-45-28.png,406,320,0.9434
2-53-46-29.png,406,320,0.9434
2-53-47-30.png,381,320,0.7075
2-53-48-31.png,356,320,0.4717
2-53-48-32.png,356,320,0.4717
2-53-49-33.png,356,320,0.4717
2-53-50-34.png,331,320,0.2358
2-53-50-35.png,331,320,0.2358
2-53-52-36.png,331,320,0.2358
2-53-54-37.png,381,320,0.7075
2-54-1-38.png,406,320,0.9434
2-54-1-39.png,406,320,0.9434
2-54-1-40.png,406,320,0.9434
2-54-2-41.png,406,320,0.9434
2-54-2-42.png,406,320,0.9434
2-54-2-43.png,406,320,0.9434
2-54-2-44.png,406,320,0.9434
2-54-2-45.png,406,320,0.9434
2-54-3-46.png,406,320,0.9434
2-54-3-47.png,381,320,0.7075
2-54-3-48.png,381,320,0.7075
2-54-4-49.png,356,320,0.4717
2-54-5-50.png,331,320,0.2358
2-54-5-51.png,331,320,0.2358
2-54-6-52.png,356,320,0.4717
2-54-7-53.png,356,320,0.4717
2-54-8-54.png,356,320,0.4717
2-54-9-55.png,381,320,0.7075
2-54-12-56.png,356,320,0.4717
2-54-13-57.png,356,320,0.4717
2-54-14-58.png,381,320,0.7075
2-54-15-59.png,381,320,0.7075
2-54-15-60.png,406,320,0.9434
2-54-16-61.png,406,320,0.9434
2-54-16-62.png,406,320,0.9434
2-54-17-63.png,406,320,0.9434
2-54-19-64.png,406,320,0.9434
2-54-20-65.png,356,320,0.4717
2-54-22-66.png,331,320,0.2358
2-54-22-67.png,331,320,0.2358
2-54-24-68.png,381,320,0.7075
2-54-24-69.png,381,320,0.7075
2-54-25-70.png,381,320,0.7075
2-54-27-71.png,356,320,0.4717
2-54-27-72.png,356,320,0.4717
2-54-28-73.png,381,320,0.7075
2-54-29-74.png,381,320,0.7075
2-54-29-75.png,381,320,0.7075
2-54-31-76.png,381,320,0.7075
2-54-32-77.png,381,320,0.7075
2-54-33-78.png,381,320,0.7075
2-54-34-79.png,356,320,0.4717
2-54-35-80.png,356,320,0.4717
2-54-36-81.png,356,320,0.4717
2-54-36-82.png,331,320,0.2358
2-54-38-83.png,381,320,0.7075
2-54-39-84.png,381,320,0.7075
2-54-39-85.png,381,320,0.7075
2-54-40-86.png,381,320,0.7075
2-54-41-87.png,381,320,0.7075
2-54-42-88.png,356,320,0.4717
2-54-44-89.png,381,320,0.7075
2-54-44-90.png,381,320,0.7075
2-54-45-91.png,381,320,0.7075
2-54-46-92.png,381,320,0.7075
2-54-46-93.png,356,320,0.4717
2-54-47-94.png,356,320,0.4717
2-54-48-95.png,381,320,0.7075
2-54-49-96.png,381,320,0.7075
2-54-50-97.png,381,320,0.7075
2-54-58-98.png,381,320,0.7075
2-55-6-99.png,356,320,0.4717
2-55-6-100.png,356,320,0.4717
2-55-6-0.png,356,320,0.4717
2-55-6-1.png,356,320,0.4717
2-55-7-2.png,356,320,0.4717
2-55-7-3.png,356,320,0.4717
2-55-12-4.png,406,320,0.9434
2-56-24-23.png,206,320,-0.9434
2-56-25-24.png,206,320,-0.9434
2-56-26-25.png,256,320,-0.4717
2-56-27-26.png,231,320,-0.7075
2-56-28-27.png,231,320,-0.7075
2-56-29-28.png,256,320,-0.4717
2-56-30-29.png,256,320,-0.4717
2-56-33-30.png,206,320,-0.9434
2-56-34-31.png,231,320,-0.7075
2-56-36-32.png,231,320,-0.7075
2-56-37-33.png,231,320,-0.7075
2-56-39-34.png,231,320,-0.7075
2-56-40-35.png,231,320,-0.7075
2-56-42-36.png,231,320,-0.7075
2-56-43-37.png,231,320,-0.7075
2-56-44-38.png,231,320,-0.7075
2-56-45-39.png,231,320,-0.7075
2-56-45-40.png,256,320,-0.4717
2-56-46-41.png,256,320,-0.4717
2-56-47-42.png,256,320,-0.4717
2-56-51-43.png,231,320,-0.7075
2-56-52-44.png,231,320,-0.7075
2-56-52-45.png,231,320,-0.7075
2-56-54-46.png,256,320,-0.4717
2-56-55-47.png,231,320,-0.7075
2-56-57-48.png,231,320,-0.7075
2-56-58-49.png,256,320,-0.4717
2-56-59-50.png,256,320,-0.4717
2-57-1-51.png,231,320,-0.7075
2-57-2-52.png,231,320,-0.7075
2-57-3-53.png,231,320,-0.7075
2-57-4-54.png,231,320,-0.7075
2-57-11-55.png,231,320,-0.7075
2-57-12-56.png,231,320,-0.7075
2-57-22-57.png,256,320,-0.4717
2-57-22-58.png,256,320,-0.4717
2-57-22-59.png,256,320,-0.4717
2-57-22-60.png,256,320,-0.4717
2-57-23-61.png,256,320,-0.4717
2-57-23-62.png,256,320,-0.4717
2-57-23-63.png,256,320,-0.4717
2-57-23-64.png,256,320,-0.4717
2-57-23-65.png,256,320,-0.4717
2-57-24-66.png,256,320,-0.4717
2-57-24-67.png,256,320,-0.4717
2-57-24-68.png,256,320,-0.4717
2-57-25-69.png,256,320,-0.4717
2-57-26-70.png,231,320,-0.7075
2-57-35-71.png,256,320,-0.4717
2-57-35-72.png,256,320,-0.4717
2-57-35-73.png,256,320,-0.4717
2-57-35-74.png,256,320,-0.4717
2-57-36-75.png,231,320,-0.7075
2-57-36-76.png,231,320,-0.7075
2-57-36-77.png,231,320,-0.7075
2-57-36-78.png,231,320,-0.7075
2-57-36-79.png,231,320,-0.7075
2-57-38-80.png,231,320,-0.7075
2-57-38-81.png,256,320,-0.4717
2-57-40-82.png,231,320,-0.7075
2-57-41-83.png,231,320,-0.7075
2-57-42-84.png,231,320,-0.7075
2-57-44-85.png,231,320,-0.7075
2-57-44-86.png,231,320,-0.7075
2-57-45-87.png,231,320,-0.7075
2-57-46-88.png,231,320,-0.7075
2-57-47-89.png,231,320,-0.7075
2-57-48-90.png,256,320,-0.4717
2-57-48-91.png,256,320,-0.4717
2-57-49-92.png,256,320,-0.4717
2-57-50-93.png,256,320,-0.4717
2-57-51-94.png,256,320,-0.4717
2-57-51-95.png,231,320,-0.7075
2-57-52-96.png,231,320,-0.7075
2-57-53-97.png,231,320,-0.7075
2-57-53-98.png,231,320,-0.7075
2-57-54-99.png,231,320,-0.7075
2-57-56-100.png,231,320,-0.7075
2-57-56-0.png,231,320,-0.7075
2-57-57-1.png,231,320,-0.7075
2-57-58-2.png,231,320,-0.7075
2-57-58-3.png,231,320,-0.7075
2-57-59-4.png,231,320,-0.7075
2-58-0-5.png,231,320,-0.7075
2-58-1-6.png,256,320,-0.4717
2-58-2-7.png,256,320,-0.4717
2-58-2-8.png,256,320,-0.4717
2-58-4-9.png,256,320,-0.4717
2-58-5-10.png,231,320,-0.7075
2-58-5-11.png,231,320,-0.7075
2-58-7-12.png,206,320,-0.9434
2-58-7-13.png,206,320,-0.9434
2-58-8-14.png,231,320,-0.7075
2-58-9-15.png,231,320,-0.7075
2-58-10-16.png,231,320,-0.7075
2-58-10-17.png,256,320,-0.4717
2-58-11-18.png,256,320,-0.4717
2-58-18-19.png,231,320,-0.7075
2-58-18-20.png,231,320,-0.7075
2-58-18-21.png,231,320,-0.7075
2-58-18-22.png,231,320,-0.7075
2-58-18-23.png,231,320,-0.7075
2-58-19-24.png,231,320,-0.7075
2-58-19-25.png,231,320,-0.7075
2-58-19-26.png,231,320,-0.7075
2-58-19-27.png,231,320,-0.7075
2-58-19-28.png,231,320,-0.7075
2-58-20-29.png,231,320,-0.7075
2-58-20-30.png,231,320,-0.7075
2-58-20-31.png,231,320,-0.7075
2-58-21-32.png,206,320,-0.9434
2-58-21-33.png,206,320,-0.9434
2-58-22-34.png,206,320,-0.9434
2-58-29-35.png,231,320,-0.7075
2-58-29-36.png,231,320,-0.7075
2-58-29-37.png,231,320,-0.7075
2-58-29-38.png,231,320,-0.7075
2-58-29-39.png,231,320,-0.7075
2-58-30-40.png,231,320,-0.7075
2-58-30-41.png,231,320,-0.7075
2-58-30-42.png,231,320,-0.7075
2-58-30-43.png,231,320,-0.7075
2-58-30-44.png,231,320,-0.7075
2-58-31-45.png,231,320,-0.7075
2-58-31-46.png,231,320,-0.7075
2-58-31-47.png,206,320,-0.9434
2-58-32-48.png,206,320,-0.9434
2-58-32-49.png,231,320,-0.7075
2-58-33-50.png,231,320,-0.7075
2-58-35-51.png,256,320,-0.4717
2-58-36-52.png,256,320,-0.4717
2-58-37-53.png,231,320,-0.7075
2-58-38-54.png,231,320,-0.7075
2-58-39-55.png,231,320,-0.7075
2-58-39-56.png,231,320,-0.7075
2-58-40-57.png,256,320,-0.4717
2-58-41-58.png,256,320,-0.4717
2-58-41-59.png,256,320,-0.4717
2-58-42-60.png,256,320,-0.4717
2-58-43-61.png,231,320,-0.7075
2-58-44-62.png,231,320,-0.7075
2-58-45-63.png,231,320,-0.7075
2-58-45-64.png,231,320,-0.7075
2-58-46-65.png,231,320,-0.7075
2-58-46-66.png,231,320,-0.7075
2-58-47-67.png,231,320,-0.7075
2-58-47-68.png,231,320,-0.7075
2-58-48-69.png,206,320,-0.9434
2-58-49-70.png,206,320,-0.9434
2-58-49-71.png,231,320,-0.7075
2-58-50-72.png,256,320,-0.4717
2-58-51-73.png,256,320,-0.4717
2-58-52-74.png,231,320,-0.7075
2-58-53-75.png,231,320,-0.7075
2-58-53-76.png,206,320,-0.9434
2-58-54-77.png,206,320,-0.9434
2-58-55-78.png,206,320,-0.9434
2-58-56-79.png,206,320,-0.9434
2-58-57-80.png,206,320,-0.9434
2-58-59-81.png,231,320,-0.7075
2-58-59-82.png,231,320,-0.7075
2-59-1-83.png,256,320,-0.4717
2-59-2-84.png,256,320,-0.4717
2-59-3-85.png,231,320,-0.7075
2-59-4-86.png,256,320,-0.4717
2-59-5-87.png,231,320,-0.7075
2-59-6-88.png,231,320,-0.7075
2-59-7-89.png,206,320,-0.9434
2-59-10-90.png,206,320,-0.9434
2-59-11-91.png,231,320,-0.7075
2-59-12-92.png,256,320,-0.4717
2-59-14-93.png,256,320,-0.4717
2-59-26-94.png,231,320,-0.7075
2-59-26-95.png,231,320,-0.7075
2-59-27-96.png,231,320,-0.7075
2-59-27-97.png,231,320,-0.7075
2-59-31-98.png,256,320,-0.4717
2-59-31-99.png,256,320,-0.4717
2-59-33-100.png,231,320,-0.7075
2-59-33-0.png,231,320,-0.7075
2-59-33-1.png,231,320,-0.7075
2-59-34-2.png,231,320,-0.7075
2-59-34-3.png,231,320,-0.7075
2-59-34-4.png,231,320,-0.7075
2-59-34-5.png,231,320,-0.7075
2-59-34-6.png,231,320,-0.7075
2-59-35-7.png,231,320,-0.7075
2-59-35-8.png,231,320,-0.7075
2-59-35-9.png,231,320,-0.7075
2-59-36-10.png,231,320,-0.7075
2-59-36-11.png,206,320,-0.9434
2-59-37-12.png,206,320,-0.9434
2-59-38-13.png,206,320,-0.9434
2-59-39-14.png,206,320,-0.9434
2-59-47-15.png,281,320,-0.2358
2-59-47-16.png,281,320,-0.2358
2-59-47-17.png,281,320,-0.2358
2-59-47-18.png,256,320,-0.4717
2-59-48-19.png,256,320,-0.4717
2-59-48-20.png,256,320,-0.4717
2-59-48-21.png,256,320,-0.4717
2-59-48-22.png,256,320,-0.4717
2-59-48-23.png,256,320,-0.4717
2-59-49-24.png,256,320,-0.4717
2-59-49-25.png,256,320,-0.4717
2-59-50-26.png,206,320,-0.9434
2-59-51-27.png,206,320,-0.9434
2-59-53-28.png,231,320,-0.7075
2-59-54-29.png,256,320,-0.4717
2-59-56-30.png,231,320,-0.7075
2-59-57-31.png,231,320,-0.7075
2-59-57-32.png,231,320,-0.7075
2-59-58-33.png,231,320,-0.7075
2-59-59-34.png,231,320,-0.7075
3-0-0-35.png,206,320,-0.9434
3-0-0-36.png,231,320,-0.7075
3-0-1-37.png,231,320,-0.7075
3-0-1-38.png,231,320,-0.7075
3-0-2-39.png,256,320,-0.4717
3-0-3-40.png,256,320,-0.4717
3-0-4-41.png,256,320,-0.4717
3-0-4-42.png,256,320,-0.4717
3-0-5-43.png,256,320,-0.4717
3-0-6-44.png,256,320,-0.4717
3-0-6-45.png,231,320,-0.7075
3-0-7-46.png,231,320,-0.7075
3-0-7-47.png,231,320,-0.7075
3-0-8-48.png,231,320,-0.7075
3-0-9-49.png,206,320,-0.9434
3-0-9-50.png,206,320,-0.9434
3-0-10-51.png,206,320,-0.9434
3-0-10-52.png,206,320,-0.9434
3-0-11-53.png,206,320,-0.9434
3-0-11-54.png,231,320,-0.7075
3-0-12-55.png,231,320,-0.7075
3-0-13-56.png,231,320,-0.7075
3-0-13-57.png,231,320,-0.7075
3-0-14-58.png,256,320,-0.4717
3-0-15-59.png,256,320,-0.4717
3-0-15-60.png,256,320,-0.4717
3-0-16-61.png,256,320,-0.4717
3-0-17-62.png,256,320,-0.4717
3-0-17-63.png,256,320,-0.4717
3-0-23-64.png,206,320,-0.9434
3-0-23-65.png,206,320,-0.9434
3-0-24-66.png,231,320,-0.7075
3-0-24-67.png,231,320,-0.7075
3-0-24-68.png,231,320,-0.7075
3-0-24-69.png,231,320,-0.7075
3-0-24-70.png,231,320,-0.7075
3-0-25-71.png,231,320,-0.7075
3-0-25-72.png,231,320,-0.7075
3-0-25-73.png,231,320,-0.7075
3-0-25-74.png,231,320,-0.7075
3-0-25-75.png,231,320,-0.7075
3-0-26-76.png,256,320,-0.4717
3-0-27-77.png,256,320,-0.4717
3-0-28-78.png,256,320,-0.4717
3-0-28-79.png,256,320,-0.4717
3-0-29-80.png,256,320,-0.4717
3-0-29-81.png,256,320,-0.4717
3-0-30-82.png,256,320,-0.4717
3-0-31-83.png,256,320,-0.4717
3-0-31-84.png,256,320,-0.4717
3-0-32-85.png,256,320,-0.4717
3-0-37-86.png,231,320,-0.7075
3-0-37-87.png,231,320,-0.7075
3-0-38-88.png,256,320,-0.4717
3-0-39-89.png,231,320,-0.7075
3-0-39-90.png,231,320,-0.7075
3-0-40-91.png,231,320,-0.7075
3-0-40-92.png,231,320,-0.7075
3-0-41-93.png,231,320,-0.7075
3-0-41-94.png,231,320,-0.7075
3-0-42-95.png,231,320,-0.7075
3-0-43-96.png,231,320,-0.7075
3-0-44-97.png,256,320,-0.4717
3-0-44-98.png,256,320,-0.4717
3-0-45-99.png,256,320,-0.4717
3-0-46-100.png,256,320,-0.4717
3-0-47-0.png,231,320,-0.7075
3-0-47-1.png,231,320,-0.7075
3-0-48-2.png,231,320,-0.7075
3-0-48-3.png,231,320,-0.7075
3-0-49-4.png,231,320,-0.7075
3-0-50-5.png,231,320,-0.7075
3-0-51-6.png,231,320,-0.7075
3-0-51-7.png,231,320,-0.7075
3-0-52-8.png,231,320,-0.7075
3-0-55-9.png,256,320,-0.4717
3-0-55-10.png,256,320,-0.4717
3-0-56-11.png,231,320,-0.7075
3-0-57-12.png,231,320,-0.7075
3-0-57-13.png,231,320,-0.7075
3-0-58-14.png,231,320,-0.7075
3-0-59-15.png,231,320,-0.7075
3-0-59-16.png,231,320,-0.7075
3-1-0-17.png,231,320,-0.7075
3-1-1-18.png,256,320,-0.4717
3-1-1-19.png,256,320,-0.4717
3-1-2-20.png,256,320,-0.4717
3-1-3-21.png,231,320,-0.7075
3-1-4-22.png,231,320,-0.7075
3-1-4-23.png,231,320,-0.7075
3-1-5-24.png,231,320,-0.7075
3-1-5-25.png,231,320,-0.7075
3-1-6-26.png,256,320,-0.4717
3-1-14-27.png,256,320,-0.4717
3-1-14-28.png,256,320,-0.4717
3-1-14-29.png,256,320,-0.4717
3-1-15-30.png,256,320,-0.4717
3-1-15-31.png,256,320,-0.4717
3-1-15-32.png,256,320,-0.4717
3-1-15-33.png,256,320,-0.4717
3-1-15-34.png,256,320,-0.4717
3-1-16-35.png,256,320,-0.4717
3-1-16-36.png,256,320,-0.4717
3-1-16-37.png,256,320,-0.4717
3-1-16-38.png,256,320,-0.4717
3-1-17-39.png,256,320,-0.4717
3-1-18-40.png,256,320,-0.4717
3-1-18-41.png,231,320,-0.7075
3-1-19-42.png,231,320,-0.7075
3-1-20-43.png,231,320,-0.7075
3-1-21-44.png,231,320,-0.7075
3-1-22-45.png,231,320,-0.7075
3-1-23-46.png,231,320,-0.7075
3-1-24-47.png,206,320,-0.9434
3-1-24-48.png,206,320,-0.9434
3-1-25-49.png,206,320,-0.9434
3-1-26-50.png,206,320,-0.9434
3-1-26-51.png,231,320,-0.7075
3-1-27-52.png,231,320,-0.7075
3-1-28-53.png,231,320,-0.7075
3-1-31-54.png,231,320,-0.7075
3-1-31-55.png,256,320,-0.4717
3-1-32-56.png,256,320,-0.4717
3-1-33-57.png,256,320,-0.4717
3-1-33-58.png,256,320,-0.4717
3-1-34-59.png,231,320,-0.7075
3-1-35-60.png,231,320,-0.7075
3-1-36-61.png,231,320,-0.7075
3-1-36-62.png,231,320,-0.7075
3-1-37-63.png,231,320,-0.7075
3-1-38-64.png,231,320,-0.7075
3-1-38-65.png,231,320,-0.7075
3-1-39-66.png,206,320,-0.9434
3-1-40-67.png,206,320,-0.9434
3-1-40-68.png,206,320,-0.9434
3-1-41-69.png,206,320,-0.9434
3-1-42-70.png,206,320,-0.9434
3-1-43-71.png,231,320,-0.7075
3-1-43-72.png,231,320,-0.7075
3-1-44-73.png,231,320,-0.7075
3-1-45-74.png,231,320,-0.7075
3-1-46-75.png,231,320,-0.7075
3-1-47-76.png,231,320,-0.7075
3-1-47-77.png,256,320,-0.4717
3-1-48-78.png,231,320,-0.7075
3-1-49-79.png,231,320,-0.7075
3-1-50-80.png,231,320,-0.7075
3-1-51-81.png,231,320,-0.7075
3-1-51-82.png,231,320,-0.7075
3-1-52-83.png,256,320,-0.4717
3-1-53-84.png,231,320,-0.7075
3-1-54-85.png,231,320,-0.7075
3-1-54-86.png,206,320,-0.9434
3-1-55-87.png,206,320,-0.9434
3-1-56-88.png,206,320,-0.9434
3-1-57-89.png,206,320,-0.9434
3-1-57-90.png,206,320,-0.9434
3-2-3-91.png,231,320,-0.7075
3-2-3-92.png,231,320,-0.7075
3-2-3-93.png,231,320,-0.7075
3-2-3-94.png,256,320,-0.4717
3-2-4-95.png,256,320,-0.4717
3-2-4-96.png,256,320,-0.4717
3-2-4-97.png,256,320,-0.4717
3-2-4-98.png,256,320,-0.4717
3-2-4-99.png,256,320,-0.4717
3-2-5-100.png,256,320,-0.4717
3-2-5-0.png,256,320,-0.4717
3-2-5-1.png,256,320,-0.4717
3-2-6-2.png,256,320,-0.4717
3-2-7-3.png,231,320,-0.7075
3-2-8-4.png,231,320,-0.7075
3-2-8-5.png,231,320,-0.7075
3-2-8-6.png,231,320,-0.7075
3-2-9-7.png,231,320,-0.7075
3-2-9-8.png,231,320,-0.7075
3-2-10-9.png,231,320,-0.7075
3-2-11-10.png,231,320,-0.7075
3-2-11-11.png,231,320,-0.7075
3-2-12-12.png,231,320,-0.7075
3-2-12-13.png,231,320,-0.7075
3-2-13-14.png,231,320,-0.7075
3-2-13-15.png,231,320,-0.7075
3-2-14-16.png,231,320,-0.7075
3-2-14-17.png,231,320,-0.7075
3-2-15-18.png,231,320,-0.7075
3-2-16-19.png,231,320,-0.7075
3-2-16-20.png,256,320,-0.4717
3-2-17-21.png,256,320,-0.4717
3-2-17-22.png,256,320,-0.4717
3-2-18-23.png,256,320,-0.4717
3-2-18-24.png,256,320,-0.4717
3-2-19-25.png,256,320,-0.4717
3-2-20-26.png,256,320,-0.4717
3-2-20-27.png,231,320,-0.7075
3-2-21-28.png,231,320,-0.7075
3-2-21-29.png,231,320,-0.7075
3-2-22-30.png,231,320,-0.7075
3-2-23-31.png,231,320,-0.7075
3-2-24-32.png,231,320,-0.7075
3-2-24-33.png,231,320,-0.7075
3-2-25-34.png,231,320,-0.7075
3-2-26-35.png,231,320,-0.7075
3-2-27-36.png,231,320,-0.7075
3-2-27-37.png,231,320,-0.7075
3-2-28-38.png,231,320,-0.7075
3-2-28-39.png,231,320,-0.7075
3-2-29-40.png,231,320,-0.7075
3-2-33-41.png,256,320,-0.4717
3-2-33-42.png,256,320,-0.4717
3-2-35-43.png,231,320,-0.7075
3-2-35-44.png,231,320,-0.7075
3-2-36-45.png,231,320,-0.7075
3-2-37-46.png,231,320,-0.7075
3-2-38-47.png,231,320,-0.7075
3-2-38-48.png,231,320,-0.7075
3-2-39-49.png,231,320,-0.7075
3-2-39-50.png,231,320,-0.7075
3-2-39-51.png,231,320,-0.7075
3-2-40-52.png,231,320,-0.7075
3-2-41-53.png,206,320,-0.9434
3-2-46-54.png,256,320,-0.4717
3-2-46-55.png,256,320,-0.4717
3-2-46-56.png,256,320,-0.4717
3-2-46-57.png,256,320,-0.4717
3-2-46-58.png,256,320,-0.4717
3-2-47-59.png,256,320,-0.4717
3-2-47-60.png,256,320,-0.4717
3-2-47-61.png,256,320,-0.4717
3-2-47-62.png,256,320,-0.4717
3-2-48-63.png,256,320,-0.4717
3-2-48-64.png,256,320,-0.4717
3-2-48-65.png,231,320,-0.7075
3-2-50-66.png,231,320,-0.7075
3-2-51-67.png,231,320,-0.7075
3-2-51-68.png,231,320,-0.7075
3-2-52-69.png,231,320,-0.7075
3-2-52-70.png,256,320,-0.4717
3-2-53-71.png,256,320,-0.4717
3-2-54-72.png,256,320,-0.4717
3-2-54-73.png,231,320,-0.7075
3-2-55-74.png,231,320,-0.7075
3-2-56-75.png,231,320,-0.7075
3-2-56-76.png,231,320,-0.7075
3-2-57-77.png,231,320,-0.7075
3-2-58-78.png,231,320,-0.7075
3-2-58-79.png,231,320,-0.7075
3-3-0-80.png,231,320,-0.7075
3-3-1-81.png,256,320,-0.4717
3-3-1-82.png,256,320,-0.4717
3-3-2-83.png,256,320,-0.4717
3-3-2-84.png,256,320,-0.4717
3-3-3-85.png,256,320,-0.4717
3-3-3-86.png,256,320,-0.4717
3-3-4-87.png,256,320,-0.4717
3-3-5-88.png,256,320,-0.4717
3-3-5-89.png,231,320,-0.7075
3-3-6-90.png,231,320,-0.7075
3-3-7-91.png,231,320,-0.7075
3-3-10-92.png,231,320,-0.7075
3-3-10-93.png,231,320,-0.7075
3-3-11-94.png,231,320,-0.7075
3-3-12-95.png,231,320,-0.7075
3-3-13-96.png,231,320,-0.7075
3-3-14-97.png,256,320,-0.4717
3-3-16-98.png,231,320,-0.7075
3-3-19-99.png,256,320,-0.4717
3-3-23-100.png,206,320,-0.9434
3-3-26-0.png,231,320,-0.7075
3-3-27-1.png,256,320,-0.4717
3-3-27-2.png,256,320,-0.4717
3-3-28-3.png,256,320,-0.4717
3-3-28-4.png,256,320,-0.4717
3-3-29-5.png,231,320,-0.7075
3-3-34-6.png,206,320,-0.9434
3-3-34-7.png,231,320,-0.7075
3-3-34-8.png,231,320,-0.7075
3-3-34-9.png,231,320,-0.7075
3-3-35-10.png,231,320,-0.7075
3-3-35-11.png,231,320,-0.7075
3-3-35-12.png,231,320,-0.7075
3-3-35-13.png,231,320,-0.7075
3-3-35-14.png,231,320,-0.7075
3-3-36-15.png,231,320,-0.7075
3-3-36-16.png,231,320,-0.7075
3-3-37-17.png,256,320,-0.4717
3-3-43-18.png,231,320,-0.7075
3-3-43-19.png,231,320,-0.7075
3-3-43-20.png,231,320,-0.7075
3-3-43-21.png,231,320,-0.7075
3-3-43-22.png,231,320,-0.7075
3-3-44-23.png,231,320,-0.7075
3-3-44-24.png,231,320,-0.7075
3-3-44-25.png,231,320,-0.7075
3-3-44-26.png,231,320,-0.7075
3-3-44-27.png,231,320,-0.7075
3-3-45-28.png,231,320,-0.7075
3-3-45-29.png,231,320,-0.7075
3-3-45-30.png,231,320,-0.7075
3-3-46-31.png,231,320,-0.7075
3-3-47-32.png,231,320,-0.7075
3-3-47-33.png,231,320,-0.7075
3-3-48-34.png,231,320,-0.7075
3-3-48-35.png,231,320,-0.7075
3-3-49-36.png,231,320,-0.7075
3-3-49-37.png,231,320,-0.7075
3-3-50-38.png,231,320,-0.7075
3-3-51-39.png,231,320,-0.7075
3-3-51-40.png,231,320,-0.7075
3-3-52-41.png,256,320,-0.4717
3-3-52-42.png,256,320,-0.4717
3-3-53-43.png,256,320,-0.4717
3-3-53-44.png,256,320,-0.4717
3-3-54-45.png,231,320,-0.7075
3-3-55-46.png,206,320,-0.9434
3-3-55-47.png,206,320,-0.9434
3-3-57-48.png,206,320,-0.9434
3-3-57-49.png,206,320,-0.9434
3-3-58-50.png,206,320,-0.9434
3-3-58-51.png,231,320,-0.7075
3-3-59-52.png,231,320,-0.7075
3-4-0-53.png,256,320,-0.4717
3-4-1-54.png,256,320,-0.4717
3-4-1-55.png,256,320,-0.4717
3-4-2-56.png,256,320,-0.4717
3-4-3-57.png,256,320,-0.4717
3-4-3-58.png,256,320,-0.4717
3-4-4-59.png,256,320,-0.4717
3-4-5-60.png,256,320,-0.4717
3-4-5-61.png,256,320,-0.4717
3-4-6-62.png,256,320,-0.4717
3-4-7-63.png,206,320,-0.9434
3-4-8-64.png,206,320,-0.9434
3-4-9-65.png,206,320,-0.9434
3-4-12-66.png,206,320,-0.9434
3-4-13-67.png,231,320,-0.7075
3-4-15-68.png,256,320,-0.4717
3-4-16-69.png,256,320,-0.4717
3-4-17-70.png,256,320,-0.4717
3-4-18-71.png,256,320,-0.4717
3-4-18-72.png,256,320,-0.4717
3-4-19-73.png,206,320,-0.9434
3-4-20-74.png,206,320,-0.9434
3-4-20-75.png,206,320,-0.9434
3-4-21-76.png,206,320,-0.9434
3-4-22-77.png,206,320,-0.9434
3-4-23-78.png,206,320,-0.9434
3-4-23-79.png,231,320,-0.7075
3-4-24-80.png,231,320,-0.7075
3-4-25-81.png,256,320,-0.4717
3-4-32-82.png,256,320,-0.4717
3-4-32-83.png,256,320,-0.4717
3-4-32-84.png,231,320,-0.7075
3-4-33-85.png,231,320,-0.7075
3-4-33-86.png,231,320,-0.7075
3-4-33-87.png,231,320,-0.7075
3-4-33-88.png,231,320,-0.7075
3-4-33-89.png,206,320,-0.9434
3-4-34-90.png,206,320,-0.9434
3-4-34-91.png,206,320,-0.9434
3-4-34-92.png,206,320,-0.9434
3-4-34-93.png,206,320,-0.9434
3-4-34-94.png,206,320,-0.9434
3-4-35-95.png,206,320,-0.9434
3-4-35-96.png,206,320,-0.9434
3-4-36-97.png,231,320,-0.7075
3-4-37-98.png,256,320,-0.4717
3-4-37-99.png,256,320,-0.4717
3-4-38-100.png,231,320,-0.7075
3-4-39-0.png,231,320,-0.7075
3-4-39-1.png,206,320,-0.9434
3-4-40-2.png,206,320,-0.9434
3-4-40-3.png,206,320,-0.9434
3-4-41-4.png,206,320,-0.9434
3-4-41-5.png,231,320,-0.7075
3-4-42-6.png,256,320,-0.4717
3-4-43-7.png,256,320,-0.4717
3-4-44-8.png,256,320,-0.4717
3-4-45-9.png,231,320,-0.7075
3-4-45-10.png,231,320,-0.7075
3-4-45-11.png,206,320,-0.9434
3-4-46-12.png,206,320,-0.9434
3-4-47-13.png,206,320,-0.9434
3-4-48-14.png,281,320,-0.2358
3-4-49-15.png,256,320,-0.4717
3-4-50-16.png,281,320,-0.2358
3-4-50-17.png,256,320,-0.4717
3-4-51-18.png,231,320,-0.7075
3-4-52-19.png,231,320,-0.7075
3-4-53-20.png,231,320,-0.7075
3-4-54-21.png,231,320,-0.7075
3-4-55-22.png,231,320,-0.7075
3-4-55-23.png,231,320,-0.7075
3-4-56-24.png,231,320,-0.7075
3-4-56-25.png,231,320,-0.7075
3-4-59-26.png,231,320,-0.7075
3-5-1-27.png,231,320,-0.7075
3-5-1-28.png,256,320,-0.4717
3-5-2-29.png,231,320,-0.7075
3-5-3-30.png,231,320,-0.7075
3-5-3-31.png,231,320,-0.7075
3-5-4-32.png,231,320,-0.7075
3-5-5-33.png,231,320,-0.7075
3-5-6-34.png,256,320,-0.4717
3-5-6-35.png,256,320,-0.4717
3-5-7-36.png,256,320,-0.4717
3-5-10-37.png,231,320,-0.7075
3-5-11-38.png,231,320,-0.7075
3-5-12-39.png,256,320,-0.4717
3-5-12-40.png,256,320,-0.4717
3-5-13-41.png,256,320,-0.4717
3-5-14-42.png,256,320,-0.4717
3-5-15-43.png,231,320,-0.7075
3-5-15-44.png,231,320,-0.7075
3-5-21-45.png,231,320,-0.7075
3-5-22-46.png,231,320,-0.7075
3-5-22-47.png,231,320,-0.7075
3-5-22-48.png,231,320,-0.7075
3-5-22-49.png,231,320,-0.7075
3-5-22-50.png,231,320,-0.7075
3-5-23-51.png,231,320,-0.7075
3-5-23-52.png,231,320,-0.7075
3-5-23-53.png,231,320,-0.7075
3-5-23-54.png,231,320,-0.7075
3-5-23-55.png,231,320,-0.7075
3-5-24-56.png,231,320,-0.7075
3-5-24-57.png,231,320,-0.7075
3-5-24-58.png,231,320,-0.7075
3-5-25-59.png,231,320,-0.7075
3-5-25-60.png,231,320,-0.7075
3-5-26-61.png,231,320,-0.7075
3-5-27-62.png,231,320,-0.7075
3-5-27-63.png,231,320,-0.7075
3-5-28-64.png,256,320,-0.4717
3-5-29-65.png,256,320,-0.4717
3-5-30-66.png,231,320,-0.7075
3-5-30-67.png,231,320,-0.7075
3-5-32-68.png,256,320,-0.4717
3-5-33-69.png,256,320,-0.4717
3-5-34-70.png,231,320,-0.7075
3-5-35-71.png,206,320,-0.9434
3-5-36-72.png,206,320,-0.9434
3-5-36-73.png,231,320,-0.7075
3-5-37-74.png,231,320,-0.7075
3-5-38-75.png,231,320,-0.7075
3-5-38-76.png,231,320,-0.7075
3-5-40-77.png,231,320,-0.7075
3-5-41-78.png,256,320,-0.4717
3-5-42-79.png,256,320,-0.4717
3-5-43-80.png,256,320,-0.4717
3-5-43-81.png,231,320,-0.7075
3-5-44-82.png,206,320,-0.9434
3-5-45-83.png,206,320,-0.9434
3-5-46-84.png,206,320,-0.9434
3-5-47-85.png,231,320,-0.7075
3-5-48-86.png,256,320,-0.4717
3-5-48-87.png,256,320,-0.4717
3-5-58-0.png,356,320,0.4717
3-5-59-1.png,356,320,0.4717
3-5-59-2.png,356,320,0.4717
3-6-0-3.png,356,320,0.4717
3-6-1-4.png,381,320,0.7075
3-6-2-5.png,381,320,0.7075
3-6-2-6.png,381,320,0.7075
3-6-3-7.png,356,320,0.4717
3-6-11-8.png,331,320,0.2358
3-6-11-9.png,331,320,0.2358
3-6-12-10.png,331,320,0.2358
3-6-12-11.png,331,320,0.2358
3-6-12-12.png,331,320,0.2358
3-6-12-13.png,356,320,0.4717
3-6-12-14.png,356,320,0.4717
3-6-13-15.png,356,320,0.4717
3-6-13-16.png,356,320,0.4717
3-6-13-17.png,356,320,0.4717
3-6-13-18.png,356,320,0.4717
3-6-14-19.png,381,320,0.7075
3-6-14-20.png,381,320,0.7075
3-6-15-21.png,356,320,0.4717
3-6-16-22.png,356,320,0.4717
3-6-17-23.png,381,320,0.7075
3-6-17-24.png,381,320,0.7075
3-6-18-25.png,381,320,0.7075
3-6-19-26.png,406,320,0.9434
3-6-19-27.png,406,320,0.9434
3-6-20-28.png,381,320,0.7075
3-6-21-29.png,356,320,0.4717
3-6-21-30.png,356,320,0.4717
3-6-22-31.png,356,320,0.4717
3-6-23-32.png,381,320,0.7075
3-6-23-33.png,381,320,0.7075
3-6-24-34.png,406,320,0.9434
3-6-25-35.png,406,320,0.9434
3-6-27-36.png,356,320,0.4717
3-6-27-37.png,356,320,0.4717
3-6-28-38.png,356,320,0.4717
3-6-29-39.png,331,320,0.2358
3-6-30-40.png,356,320,0.4717
3-6-31-41.png,356,320,0.4717
3-6-31-42.png,381,320,0.7075
3-6-32-43.png,381,320,0.7075
3-6-33-44.png,356,320,0.4717
3-6-34-45.png,356,320,0.4717
3-6-35-46.png,356,320,0.4717
3-6-36-47.png,356,320,0.4717
3-6-36-48.png,356,320,0.4717
3-6-37-49.png,356,320,0.4717
3-6-38-50.png,381,320,0.7075
3-6-39-51.png,406,320,0.9434
3-6-40-52.png,406,320,0.9434
3-6-40-53.png,406,320,0.9434
3-6-41-54.png,406,320,0.9434
3-6-41-55.png,406,320,0.9434
3-6-42-56.png,406,320,0.9434
3-6-43-57.png,406,320,0.9434
3-6-43-58.png,381,320,0.7075
3-6-44-59.png,356,320,0.4717
3-6-46-60.png,356,320,0.4717
3-6-46-61.png,356,320,0.4717
3-6-47-62.png,381,320,0.7075
3-6-47-63.png,381,320,0.7075
3-6-48-64.png,381,320,0.7075
3-6-48-65.png,381,320,0.7075
3-6-49-66.png,356,320,0.4717
3-6-51-67.png,331,320,0.2358
3-6-51-68.png,331,320,0.2358
3-6-52-69.png,356,320,0.4717
3-6-52-70.png,356,320,0.4717
3-6-53-71.png,356,320,0.4717
3-6-58-72.png,331,320,0.2358
3-6-58-73.png,331,320,0.2358
3-6-58-74.png,331,320,0.2358
3-6-59-75.png,331,320,0.2358
3-6-59-76.png,331,320,0.2358
3-6-59-77.png,331,320,0.2358
3-6-59-78.png,331,320,0.2358
3-6-59-79.png,331,320,0.2358
3-7-0-80.png,331,320,0.2358
3-7-0-81.png,331,320,0.2358
3-7-0-82.png,381,320,0.7075
3-7-1-83.png,406,320,0.9434
3-7-1-84.png,406,320,0.9434
3-7-2-85.png,406,320,0.9434
3-7-3-86.png,406,320,0.9434
3-7-3-87.png,406,320,0.9434
3-7-4-88.png,406,320,0.9434
3-7-5-89.png,406,320,0.9434
3-7-5-90.png,406,320,0.9434
3-7-6-91.png,406,320,0.9434
3-7-6-92.png,406,320,0.9434
3-7-9-93.png,331,320,0.2358
3-7-10-94.png,356,320,0.4717
3-7-11-95.png,381,320,0.7075
3-7-12-96.png,381,320,0.7075
3-7-12-97.png,381,320,0.7075
3-7-13-98.png,356,320,0.4717
3-7-14-99.png,356,320,0.4717
3-7-15-100.png,356,320,0.4717
3-7-15-0.png,381,320,0.7075
3-7-16-1.png,381,320,0.7075
3-7-17-2.png,356,320,0.4717
3-7-17-3.png,356,320,0.4717
3-7-18-4.png,356,320,0.4717
3-7-19-5.png,381,320,0.7075
3-7-19-6.png,381,320,0.7075
3-7-20-7.png,381,320,0.7075
3-7-21-8.png,356,320,0.4717
3-7-21-9.png,356,320,0.4717
3-7-22-10.png,381,320,0.7075
3-7-23-11.png,381,320,0.7075
3-7-23-12.png,381,320,0.7075
3-7-24-13.png,356,320,0.4717
3-7-25-14.png,331,320,0.2358
3-7-26-15.png,331,320,0.2358
3-7-26-16.png,356,320,0.4717
3-7-27-17.png,356,320,0.4717
3-7-28-18.png,356,320,0.4717
3-7-28-19.png,381,320,0.7075
3-7-29-20.png,381,320,0.7075
3-7-30-21.png,381,320,0.7075
3-7-31-22.png,356,320,0.4717
3-7-31-23.png,356,320,0.4717
3-7-32-24.png,381,320,0.7075
3-7-33-25.png,381,320,0.7075
3-7-34-26.png,381,320,0.7075
3-7-34-27.png,381,320,0.7075
3-7-35-28.png,356,320,0.4717
3-7-36-29.png,356,320,0.4717
3-7-37-30.png,381,320,0.7075
3-7-37-31.png,406,320,0.9434
3-7-38-32.png,406,320,0.9434
3-7-39-33.png,406,320,0.9434
3-7-40-34.png,356,320,0.4717
3-7-47-35.png,381,320,0.7075
3-7-47-36.png,381,320,0.7075
3-7-47-37.png,381,320,0.7075
3-7-47-38.png,381,320,0.7075
3-7-48-39.png,381,320,0.7075
3-7-48-40.png,381,320,0.7075
3-7-48-41.png,381,320,0.7075
3-7-48-42.png,381,320,0.7075
3-7-48-43.png,381,320,0.7075
3-7-49-44.png,381,320,0.7075
3-7-49-45.png,381,320,0.7075
3-7-49-46.png,381,320,0.7075
3-7-50-47.png,356,320,0.4717
3-7-51-48.png,356,320,0.4717
3-7-52-49.png,356,320,0.4717
3-7-53-50.png,356,320,0.4717
3-7-53-51.png,356,320,0.4717
3-7-54-52.png,356,320,0.4717
3-7-55-53.png,381,320,0.7075
3-7-56-54.png,381,320,0.7075
3-7-56-55.png,381,320,0.7075
3-7-57-56.png,381,320,0.7075
3-7-58-57.png,381,320,0.7075
3-7-58-58.png,381,320,0.7075
3-7-59-59.png,381,320,0.7075
3-8-0-60.png,356,320,0.4717
3-8-1-61.png,381,320,0.7075
3-8-1-62.png,381,320,0.7075
3-8-2-63.png,356,320,0.4717
3-8-3-64.png,331,320,0.2358
3-8-3-65.png,331,320,0.2358
3-8-4-66.png,331,320,0.2358
3-8-5-67.png,356,320,0.4717
3-8-5-68.png,356,320,0.4717
3-8-6-69.png,356,320,0.4717
3-8-7-70.png,356,320,0.4717
3-8-8-71.png,381,320,0.7075
3-8-9-72.png,356,320,0.4717
3-8-10-73.png,331,320,0.2358
3-8-11-74.png,331,320,0.2358
3-8-12-75.png,381,320,0.7075
3-8-13-76.png,381,320,0.7075
3-8-13-77.png,381,320,0.7075
3-8-14-78.png,381,320,0.7075
3-8-15-79.png,381,320,0.7075
3-8-15-80.png,356,320,0.4717
3-8-16-81.png,356,320,0.4717
3-8-17-82.png,356,320,0.4717
3-8-17-83.png,356,320,0.4717
3-8-18-84.png,356,320,0.4717
3-8-19-85.png,381,320,0.7075
3-8-20-86.png,381,320,0.7075
3-8-20-87.png,381,320,0.7075
3-8-21-88.png,381,320,0.7075
3-8-22-89.png,381,320,0.7075
3-8-22-90.png,381,320,0.7075
3-8-24-91.png,406,320,0.9434
3-8-25-92.png,406,320,0.9434
3-8-26-93.png,406,320,0.9434
3-8-27-94.png,356,320,0.4717
3-8-29-95.png,356,320,0.4717
3-8-30-96.png,331,320,0.2358
3-8-31-97.png,331,320,0.2358
3-8-32-98.png,356,320,0.4717
3-8-38-99.png,356,320,0.4717
3-8-38-100.png,356,320,0.4717
3-8-38-0.png,356,320,0.4717
3-8-39-1.png,356,320,0.4717
3-8-39-2.png,356,320,0.4717
3-8-39-3.png,356,320,0.4717
3-8-39-4.png,356,320,0.4717
3-8-39-5.png,356,320,0.4717
3-8-40-6.png,356,320,0.4717
3-8-40-7.png,356,320,0.4717
3-8-40-8.png,381,320,0.7075
3-8-40-9.png,381,320,0.7075
3-8-41-10.png,381,320,0.7075
3-8-41-11.png,381,320,0.7075
3-8-42-12.png,356,320,0.4717
3-8-43-13.png,356,320,0.4717
3-8-43-14.png,356,320,0.4717
3-8-44-15.png,356,320,0.4717
3-8-45-16.png,381,320,0.7075
3-8-46-17.png,381,320,0.7075
3-8-46-18.png,381,320,0.7075
3-8-49-19.png,356,320,0.4717
3-8-49-20.png,356,320,0.4717
3-8-50-21.png,331,320,0.2358
3-8-51-22.png,331,320,0.2358
3-8-51-23.png,331,320,0.2358
3-8-52-24.png,356,320,0.4717
3-8-53-25.png,356,320,0.4717
3-8-54-26.png,356,320,0.4717
3-8-54-27.png,381,320,0.7075
3-8-55-28.png,381,320,0.7075
3-8-56-29.png,381,320,0.7075
3-8-56-30.png,381,320,0.7075
3-8-57-31.png,356,320,0.4717
3-8-58-32.png,356,320,0.4717
3-8-58-33.png,356,320,0.4717
3-8-59-34.png,356,320,0.4717
3-8-59-35.png,381,320,0.7075
3-9-0-36.png,381,320,0.7075
3-9-1-37.png,381,320,0.7075
3-9-2-38.png,381,320,0.7075
3-9-2-39.png,381,320,0.7075
3-9-3-40.png,381,320,0.7075
3-9-4-41.png,381,320,0.7075
3-9-4-42.png,381,320,0.7075
3-9-5-43.png,356,320,0.4717
3-9-6-44.png,356,320,0.4717
3-9-6-45.png,356,320,0.4717
3-9-7-46.png,356,320,0.4717
3-9-9-47.png,356,320,0.4717
3-9-11-48.png,356,320,0.4717
3-9-11-49.png,331,320,0.2358
3-9-12-50.png,331,320,0.2358
3-9-13-51.png,356,320,0.4717
3-9-14-52.png,381,320,0.7075
3-9-15-53.png,381,320,0.7075
3-9-15-54.png,381,320,0.7075
3-9-16-55.png,381,320,0.7075
3-9-17-56.png,356,320,0.4717
3-9-18-57.png,381,320,0.7075
3-9-19-58.png,381,320,0.7075
3-9-20-59.png,381,320,0.7075
3-9-21-60.png,356,320,0.4717
3-9-22-61.png,356,320,0.4717
3-9-30-62.png,356,320,0.4717
3-9-30-63.png,331,320,0.2358
3-9-30-64.png,331,320,0.2358
3-9-30-65.png,331,320,0.2358
3-9-30-66.png,331,320,0.2358
3-9-31-67.png,331,320,0.2358
3-9-31-68.png,331,320,0.2358
3-9-31-69.png,331,320,0.2358
3-9-31-70.png,331,320,0.2358
3-9-31-71.png,331,320,0.2358
3-9-32-72.png,331,320,0.2358
3-9-32-73.png,356,320,0.4717
3-9-34-74.png,356,320,0.4717
3-9-35-75.png,356,320,0.4717
3-9-36-76.png,381,320,0.7075
3-9-38-77.png,356,320,0.4717
3-9-39-78.png,356,320,0.4717
3-9-39-79.png,356,320,0.4717
3-9-40-80.png,356,320,0.4717
3-9-40-81.png,381,320,0.7075
3-9-41-82.png,381,320,0.7075
3-9-42-83.png,381,320,0.7075
3-9-42-84.png,381,320,0.7075
3-9-43-85.png,381,320,0.7075
3-9-44-86.png,381,320,0.7075
3-9-44-87.png,381,320,0.7075
3-9-45-88.png,381,320,0.7075
3-9-46-89.png,356,320,0.4717
3-9-47-90.png,356,320,0.4717
3-9-47-91.png,356,320,0.4717
3-9-48-92.png,331,320,0.2358
3-9-49-93.png,331,320,0.2358
3-9-50-94.png,356,320,0.4717
3-9-50-95.png,381,320,0.7075
3-9-51-96.png,406,320,0.9434
3-9-53-97.png,406,320,0.9434
3-9-54-98.png,406,320,0.9434
3-9-54-99.png,406,320,0.9434
3-9-55-100.png,406,320,0.9434
3-9-56-0.png,356,320,0.4717
3-9-57-1.png,356,320,0.4717
3-9-57-2.png,356,320,0.4717
3-9-58-3.png,356,320,0.4717
3-9-59-4.png,381,320,0.7075
3-9-59-5.png,381,320,0.7075
3-10-0-6.png,381,320,0.7075
3-10-1-7.png,381,320,0.7075
3-10-1-8.png,381,320,0.7075
3-10-2-9.png,381,320,0.7075
3-10-3-10.png,356,320,0.4717
3-10-4-11.png,356,320,0.4717
3-10-4-12.png,331,320,0.2358
3-10-5-13.png,331,320,0.2358
3-10-5-14.png,331,320,0.2358
3-10-6-15.png,381,320,0.7075
3-10-7-16.png,356,320,0.4717
3-10-8-17.png,356,320,0.4717
3-10-8-18.png,356,320,0.4717
3-10-9-19.png,356,320,0.4717
3-10-10-20.png,356,320,0.4717
3-10-11-21.png,356,320,0.4717
3-10-11-22.png,356,320,0.4717
3-10-12-23.png,381,320,0.7075
3-10-14-24.png,406,320,0.9434
3-10-21-25.png,356,320,0.4717
3-10-22-26.png,331,320,0.2358
3-10-22-27.png,331,320,0.2358
3-10-22-28.png,331,320,0.2358
3-10-22-29.png,331,320,0.2358
3-10-22-30.png,331,320,0.2358
3-10-23-31.png,331,320,0.2358
3-10-23-32.png,331,320,0.2358
3-10-23-33.png,331,320,0.2358
3-10-23-34.png,331,320,0.2358
3-10-23-35.png,331,320,0.2358
3-10-24-36.png,331,320,0.2358
3-10-24-37.png,331,320,0.2358
3-10-26-38.png,381,320,0.7075
3-10-27-39.png,381,320,0.7075
3-10-28-40.png,381,320,0.7075
3-10-28-41.png,381,320,0.7075
3-10-29-42.png,381,320,0.7075
3-10-30-43.png,356,320,0.4717
3-10-30-44.png,356,320,0.4717
3-10-31-45.png,356,320,0.4717
3-10-32-46.png,381,320,0.7075
3-10-33-47.png,406,320,0.9434
3-10-33-48.png,406,320,0.9434
3-10-34-49.png,406,320,0.9434
3-10-34-50.png,406,320,0.9434
3-10-35-51.png,406,320,0.9434
3-10-36-52.png,406,320,0.9434
3-10-37-53.png,406,320,0.9434
3-10-37-54.png,356,320,0.4717
3-10-38-55.png,331,320,0.2358
3-10-39-56.png,331,320,0.2358
3-10-40-57.png,356,320,0.4717
3-10-41-58.png,356,320,0.4717
3-10-42-59.png,381,320,0.7075
3-10-42-60.png,356,320,0.4717
3-10-43-61.png,356,320,0.4717
3-10-44-62.png,356,320,0.4717
3-10-44-63.png,356,320,0.4717
3-10-45-64.png,356,320,0.4717
3-10-46-65.png,381,320,0.7075
3-10-46-66.png,381,320,0.7075
3-10-47-67.png,381,320,0.7075
3-10-48-68.png,406,320,0.9434
3-10-49-69.png,406,320,0.9434
3-10-49-70.png,406,320,0.9434
3-10-50-71.png,406,320,0.9434
3-10-51-72.png,406,320,0.9434
3-10-52-73.png,331,320,0.2358
3-10-53-74.png,331,320,0.2358
3-10-54-75.png,331,320,0.2358
3-10-54-76.png,331,320,0.2358
3-10-55-77.png,381,320,0.7075
3-10-56-78.png,381,320,0.7075
3-10-57-79.png,381,320,0.7075
3-10-57-80.png,381,320,0.7075
3-10-58-81.png,356,320,0.4717
3-10-59-82.png,356,320,0.4717
3-10-59-83.png,356,320,0.4717
3-11-0-84.png,356,320,0.4717
3-11-1-85.png,356,320,0.4717
3-11-1-86.png,381,320,0.7075
3-11-2-87.png,406,320,0.9434
3-11-3-88.png,406,320,0.9434
3-11-11-89.png,331,320,0.2358
3-11-12-90.png,331,320,0.2358
3-11-12-91.png,331,320,0.2358
3-11-12-92.png,356,320,0.4717
3-11-12-93.png,356,320,0.4717
3-11-12-94.png,356,320,0.4717
3-11-13-95.png,381,320,0.7075
3-11-13-96.png,381,320,0.7075
3-11-13-97.png,406,320,0.9434
3-11-13-98.png,406,320,0.9434
3-11-13-99.png,406,320,0.9434
3-11-14-100.png,406,320,0.9434
3-11-14-0.png,406,320,0.9434
3-11-15-1.png,406,320,0.9434
3-11-15-2.png,406,320,0.9434
3-11-16-3.png,406,320,0.9434
3-11-16-4.png,406,320,0.9434
3-11-17-5.png,406,320,0.9434
3-11-18-6.png,356,320,0.4717
3-11-19-7.png,356,320,0.4717
3-11-19-8.png,356,320,0.4717
3-11-20-9.png,356,320,0.4717
3-11-20-10.png,356,320,0.4717
3-11-21-11.png,381,320,0.7075
3-11-22-12.png,381,320,0.7075
3-11-23-13.png,356,320,0.4717
3-11-23-14.png,356,320,0.4717
3-11-24-15.png,381,320,0.7075
3-11-24-16.png,381,320,0.7075
3-11-25-17.png,406,320,0.9434
3-11-26-18.png,406,320,0.9434
3-11-27-19.png,356,320,0.4717
3-11-28-20.png,331,320,0.2358
3-11-29-21.png,331,320,0.2358
3-11-30-22.png,356,320,0.4717
3-11-31-23.png,356,320,0.4717
3-11-32-24.png,381,320,0.7075
3-11-33-25.png,381,320,0.7075
3-11-33-26.png,381,320,0.7075
3-11-34-27.png,381,320,0.7075
3-11-35-28.png,356,320,0.4717
3-11-35-29.png,356,320,0.4717
3-11-36-30.png,356,320,0.4717
3-11-37-31.png,381,320,0.7075
3-11-37-32.png,381,320,0.7075
3-11-38-33.png,381,320,0.7075
3-11-38-34.png,381,320,0.7075
3-11-39-35.png,381,320,0.7075
3-11-40-36.png,381,320,0.7075
3-11-40-37.png,381,320,0.7075
3-11-41-38.png,356,320,0.4717
3-11-42-39.png,356,320,0.4717
3-11-42-40.png,356,320,0.4717
3-11-43-41.png,381,320,0.7075
3-11-45-42.png,381,320,0.7075
3-11-46-43.png,356,320,0.4717
3-11-47-44.png,331,320,0.2358
3-11-47-45.png,331,320,0.2358
3-11-47-46.png,331,320,0.2358
3-11-48-47.png,331,320,0.2358
3-11-49-48.png,356,320,0.4717
3-11-50-49.png,381,320,0.7075
3-11-50-50.png,381,320,0.7075
3-11-51-51.png,381,320,0.7075
3-11-57-52.png,381,320,0.7075
3-11-58-53.png,381,320,0.7075
3-11-58-54.png,381,320,0.7075
3-11-58-55.png,381,320,0.7075
3-11-58-56.png,381,320,0.7075
3-11-58-57.png,381,320,0.7075
3-11-59-58.png,381,320,0.7075
3-11-59-59.png,381,320,0.7075
3-11-59-60.png,381,320,0.7075
3-11-59-61.png,381,320,0.7075
3-12-0-62.png,356,320,0.4717
3-12-0-63.png,356,320,0.4717
3-12-1-64.png,356,320,0.4717
3-12-2-65.png,356,320,0.4717
3-12-3-66.png,356,320,0.4717
3-12-4-67.png,381,320,0.7075
3-12-4-68.png,381,320,0.7075
3-12-5-69.png,381,320,0.7075
3-12-6-70.png,356,320,0.4717
3-12-6-71.png,356,320,0.4717
3-12-7-72.png,356,320,0.4717
3-12-8-73.png,381,320,0.7075
3-12-8-74.png,381,320,0.7075
3-12-10-75.png,381,320,0.7075
3-12-10-76.png,381,320,0.7075
3-12-11-77.png,381,320,0.7075
3-12-11-78.png,381,320,0.7075
2-3-57-16.png,306,320,0.0000
2-3-58-17.png,306,320,0.0000
2-3-59-18.png,306,320,0.0000
2-4-0-19.png,306,320,0.0000
2-4-0-20.png,306,320,0.0000
2-4-2-21.png,306,320,0.0000
2-4-5-22.png,306,320,0.0000
2-4-6-23.png,306,320,0.0000
2-4-7-24.png,306,320,0.0000
2-4-7-25.png,306,320,0.0000
2-4-8-26.png,306,320,0.0000
2-4-9-27.png,306,320,0.0000
2-4-10-28.png,306,320,0.0000
2-4-11-29.png,306,320,0.0000
2-4-11-30.png,306,320,0.0000
2-4-12-31.png,306,320,0.0000
2-4-13-32.png,306,320,0.0000
2-4-14-33.png,306,320,0.0000
2-4-15-34.png,306,320,0.0000
2-4-16-35.png,306,320,0.0000
2-4-17-36.png,306,320,0.0000
2-4-18-37.png,306,320,0.0000
2-4-19-38.png,306,320,0.0000
2-4-20-39.png,306,320,0.0000
2-4-21-40.png,306,320,0.0000
2-6-18-51.png,306,320,0.0000
2-6-18-52.png,306,320,0.0000
2-6-18-53.png,306,320,0.0000
2-6-18-54.png,306,320,0.0000
2-6-18-55.png,306,320,0.0000
2-6-19-56.png,306,320,0.0000
2-6-19-57.png,306,320,0.0000
2-6-19-58.png,306,320,0.0000
2-6-19-59.png,306,320,0.0000
2-6-20-60.png,306,320,0.0000
2-6-20-61.png,306,320,0.0000
2-6-21-62.png,306,320,0.0000
2-6-23-63.png,306,320,0.0000
2-6-24-64.png,306,320,0.0000
2-6-25-65.png,306,320,0.0000
2-6-28-68.png,306,320,0.0000
2-6-38-69.png,306,320,0.0000
2-6-38-70.png,306,320,0.0000
2-6-38-71.png,306,320,0.0000
2-6-38-72.png,306,320,0.0000
2-6-38-73.png,306,320,0.0000
2-6-46-84.png,306,320,0.0000
2-6-47-85.png,306,320,0.0000
2-6-48-86.png,306,320,0.0000
2-6-49-87.png,306,320,0.0000
2-6-49-88.png,306,320,0.0000
2-6-51-89.png,306,320,0.0000
2-6-56-90.png,306,320,0.0000
2-6-56-91.png,306,320,0.0000
2-6-57-92.png,306,320,0.0000
2-6-57-93.png,306,320,0.0000
2-6-57-94.png,306,320,0.0000
2-6-57-95.png,306,320,0.0000
2-6-57-96.png,306,320,0.0000
2-7-4-5.png,306,320,0.0000
2-7-5-6.png,306,320,0.0000
2-7-6-7.png,306,320,0.0000
2-7-7-8.png,306,320,0.0000
2-7-8-9.png,306,320,0.0000
2-7-10-10.png,306,320,0.0000
2-7-11-11.png,306,320,0.0000
2-7-12-12.png,306,320,0.0000
2-7-13-13.png,306,320,0.0000
2-7-14-14.png,306,320,0.0000
2-7-15-15.png,306,320,0.0000
2-7-20-19.png,306,320,0.0000
2-7-21-20.png,306,320,0.0000
2-7-22-21.png,306,320,0.0000
2-7-23-22.png,306,320,0.0000
2-7-24-23.png,306,320,0.0000
2-7-25-24.png,306,320,0.0000
2-7-25-25.png,306,320,0.0000
2-7-27-26.png,306,320,0.0000
2-7-28-27.png,306,320,0.0000
2-7-29-28.png,306,320,0.0000
2-7-30-29.png,306,320,0.0000
2-7-31-30.png,306,320,0.0000
2-7-32-31.png,306,320,0.0000
2-7-32-32.png,306,320,0.0000
2-7-42-33.png,306,320,0.0000
2-7-42-34.png,306,320,0.0000
2-7-42-35.png,306,320,0.0000
2-7-43-36.png,306,320,0.0000
2-7-43-37.png,306,320,0.0000
2-7-43-38.png,306,320,0.0000
2-7-43-39.png,306,320,0.0000
2-7-48-46.png,306,320,0.0000
2-7-49-47.png,306,320,0.0000
2-7-50-48.png,306,320,0.0000
2-7-50-49.png,306,320,0.0000
2-7-51-50.png,306,320,0.0000
2-7-59-51.png,306,320,0.0000
2-8-0-52.png,306,320,0.0000
2-8-0-53.png,306,320,0.0000
2-8-0-54.png,306,320,0.0000
2-8-10-67.png,306,320,0.0000
2-8-10-68.png,306,320,0.0000
2-8-10-69.png,306,320,0.0000
2-8-10-70.png,306,320,0.0000
2-8-11-71.png,306,320,0.0000
2-8-11-72.png,306,320,0.0000
2-8-11-73.png,306,320,0.0000
2-8-12-74.png,306,320,0.0000
2-8-19-75.png,306,320,0.0000
2-8-19-76.png,306,320,0.0000
2-8-19-77.png,306,320,0.0000
2-8-19-78.png,306,320,0.0000
2-8-19-79.png,306,320,0.0000
2-8-20-80.png,306,320,0.0000
2-8-20-81.png,306,320,0.0000
2-8-20-82.png,306,320,0.0000
2-8-20-83.png,306,320,0.0000
2-8-23-84.png,306,320,0.0000
2-8-23-85.png,306,320,0.0000
2-8-24-86.png,306,320,0.0000
2-8-27-87.png,306,320,0.0000
2-8-28-88.png,306,320,0.0000
2-8-29-89.png,306,320,0.0000
2-8-30-90.png,306,320,0.0000
2-8-31-91.png,306,320,0.0000
2-8-33-92.png,306,320,0.0000
2-8-35-93.png,306,320,0.0000
2-8-36-94.png,306,320,0.0000
2-8-38-95.png,306,320,0.0000
2-8-39-96.png,306,320,0.0000
2-8-40-97.png,306,320,0.0000
2-8-41-98.png,306,320,0.0000
2-8-42-99.png,306,320,0.0000
2-8-42-100.png,306,320,0.0000
2-8-49-0.png,306,320,0.0000
2-8-49-1.png,306,320,0.0000
2-8-49-2.png,306,320,0.0000
2-8-50-3.png,306,320,0.0000
2-8-50-4.png,306,320,0.0000
2-8-50-5.png,306,320,0.0000
2-8-50-6.png,306,320,0.0000
2-8-50-7.png,306,320,0.0000
2-8-51-8.png,306,320,0.0000
2-8-51-9.png,306,320,0.0000
2-8-56-10.png,306,320,0.0000
2-8-56-11.png,306,320,0.0000
2-8-57-12.png,306,320,0.0000
2-8-58-13.png,306,320,0.0000
2-8-59-14.png,306,320,0.0000
2-8-59-15.png,306,320,0.0000
2-9-3-21.png,306,320,0.0000
2-9-4-22.png,306,320,0.0000
2-9-6-23.png,306,320,0.0000
2-9-6-24.png,306,320,0.0000
2-9-7-25.png,306,320,0.0000
2-9-11-26.png,306,320,0.0000
2-9-17-27.png,306,320,0.0000
2-9-18-28.png,306,320,0.0000
2-9-18-29.png,306,320,0.0000
2-9-18-30.png,306,320,0.0000
2-9-18-31.png,306,320,0.0000
2-9-18-32.png,306,320,0.0000
2-9-19-33.png,306,320,0.0000
2-9-19-34.png,306,320,0.0000
2-9-19-35.png,306,320,0.0000
2-9-19-36.png,306,320,0.0000
2-9-20-37.png,306,320,0.0000
2-9-21-38.png,306,320,0.0000
2-9-21-39.png,306,320,0.0000
2-9-23-40.png,306,320,0.0000
2-9-24-41.png,306,320,0.0000
2-9-25-42.png,306,320,0.0000
2-9-26-43.png,306,320,0.0000
2-9-27-44.png,306,320,0.0000
2-9-27-45.png,306,320,0.0000
2-9-28-46.png,306,320,0.0000
2-9-31-47.png,306,320,0.0000
2-9-31-48.png,306,320,0.0000
2-9-33-49.png,306,320,0.0000
2-9-33-50.png,306,320,0.0000
2-9-34-51.png,306,320,0.0000
2-9-35-52.png,306,320,0.0000
2-9-35-53.png,306,320,0.0000
2-9-38-54.png,306,320,0.0000
2-9-39-55.png,306,320,0.0000
2-9-40-56.png,306,320,0.0000
2-9-41-57.png,306,320,0.0000
2-9-42-58.png,306,320,0.0000
2-9-43-59.png,306,320,0.0000
2-9-44-60.png,306,320,0.0000
2-9-46-61.png,306,320,0.0000
2-9-46-62.png,306,320,0.0000
2-9-47-63.png,306,320,0.0000
2-9-48-64.png,306,320,0.0000
2-9-56-65.png,306,320,0.0000
2-9-56-66.png,306,320,0.0000
2-9-56-67.png,306,320,0.0000
2-9-56-68.png,306,320,0.0000
2-9-57-69.png,306,320,0.0000
2-9-57-70.png,306,320,0.0000
2-9-57-71.png,306,320,0.0000
2-9-57-72.png,306,320,0.0000
2-9-57-73.png,306,320,0.0000
2-9-58-74.png,306,320,0.0000
2-9-58-75.png,306,320,0.0000
2-9-59-76.png,306,320,0.0000
2-9-59-77.png,306,320,0.0000
2-10-0-78.png,306,320,0.0000
2-10-1-79.png,306,320,0.0000
2-10-2-80.png,306,320,0.0000
2-10-3-81.png,306,320,0.0000
2-10-4-82.png,306,320,0.0000
2-10-4-83.png,306,320,0.0000
2-10-6-84.png,306,320,0.0000
2-10-6-85.png,306,320,0.0000
2-10-7-86.png,306,320,0.0000
2-10-12-88.png,306,320,0.0000
2-12-31-1.png,306,0,0.0000
2-12-32-2.png,306,0,0.0000
2-12-32-3.png,306,0,0.0000
2-12-32-4.png,306,0,0.0000
2-12-32-5.png,306,0,0.0000
2-12-32-6.png,306,0,0.0000
2-12-33-7.png,306,0,0.0000
2-12-33-8.png,306,0,0.0000
2-12-33-9.png,306,0,0.0000
2-12-33-10.png,306,0,0.0000
2-12-33-11.png,306,0,0.0000
2-12-34-12.png,306,0,0.0000
2-12-34-13.png,306,0,0.0000
2-12-34-14.png,306,0,0.0000
2-12-35-15.png,306,0,0.0000
2-12-36-16.png,306,320,0.0000
2-12-36-17.png,306,320,0.0000
2-12-37-18.png,306,320,0.0000
2-12-39-19.png,306,320,0.0000
2-12-39-20.png,306,320,0.0000
2-12-40-21.png,306,320,0.0000
2-12-41-22.png,306,320,0.0000
2-12-42-23.png,306,320,0.0000
2-12-43-24.png,306,320,0.0000
2-12-44-25.png,306,320,0.0000
2-12-45-26.png,306,320,0.0000
2-12-46-27.png,306,320,0.0000
2-12-47-28.png,306,320,0.0000
2-12-48-29.png,306,320,0.0000
2-12-50-30.png,306,320,0.0000
2-12-51-31.png,306,320,0.0000
2-12-52-32.png,306,320,0.0000
2-12-53-33.png,306,320,0.0000
2-12-54-34.png,306,320,0.0000
2-12-55-35.png,306,320,0.0000
2-12-55-36.png,306,320,0.0000
2-12-56-37.png,306,320,0.0000
2-12-57-38.png,306,320,0.0000
2-12-58-39.png,306,320,0.0000
2-12-58-40.png,306,320,0.0000
2-12-59-41.png,306,320,0.0000
2-13-0-42.png,306,320,0.0000
2-13-1-43.png,306,320,0.0000
2-13-1-44.png,306,320,0.0000
2-13-2-45.png,306,320,0.0000
2-13-3-46.png,306,320,0.0000
2-13-4-47.png,306,320,0.0000
2-13-5-48.png,306,320,0.0000
2-13-6-49.png,306,320,0.0000
2-13-9-50.png,306,320,0.0000
2-13-10-51.png,306,320,0.0000
2-13-14-54.png,306,320,0.0000
2-13-15-55.png,306,320,0.0000
2-13-16-56.png,306,320,0.0000
2-13-17-57.png,306,320,0.0000
2-13-18-58.png,306,320,0.0000
2-13-18-59.png,306,320,0.0000
2-13-19-60.png,306,320,0.0000
2-13-20-61.png,306,320,0.0000
2-13-22-62.png,306,320,0.0000
2-13-23-63.png,306,320,0.0000
2-13-24-64.png,306,320,0.0000
2-13-24-65.png,306,320,0.0000
2-13-25-66.png,306,320,0.0000
2-13-27-67.png,306,320,0.0000
2-13-33-68.png,306,320,0.0000
2-13-34-69.png,306,320,0.0000
2-13-34-70.png,306,320,0.0000
2-13-34-71.png,306,320,0.0000
2-13-34-72.png,306,320,0.0000
2-13-34-73.png,306,320,0.0000
2-13-34-74.png,306,320,0.0000
2-13-35-75.png,306,320,0.0000
2-13-35-76.png,306,320,0.0000
2-13-35-77.png,306,320,0.0000
2-13-35-78.png,306,320,0.0000
2-13-35-79.png,306,320,0.0000
2-13-36-80.png,306,320,0.0000
2-13-37-81.png,306,320,0.0000
2-13-38-82.png,306,320,0.0000
2-13-39-83.png,306,320,0.0000
2-13-41-84.png,306,320,0.0000
2-13-42-85.png,306,320,0.0000
2-13-44-88.png,306,320,0.0000
2-13-45-89.png,306,320,0.0000
2-13-45-90.png,306,320,0.0000
2-13-46-91.png,306,320,0.0000
2-13-47-92.png,306,320,0.0000
2-13-48-93.png,306,320,0.0000
2-13-48-94.png,306,320,0.0000
2-13-49-95.png,306,320,0.0000
2-13-50-96.png,306,320,0.0000
2-13-51-97.png,306,320,0.0000
2-13-51-98.png,306,320,0.0000
2-13-52-99.png,306,320,0.0000
2-13-53-100.png,306,320,0.0000
2-13-54-0.png,306,320,0.0000
2-13-55-1.png,306,320,0.0000
2-13-56-2.png,306,320,0.0000
2-13-57-3.png,306,320,0.0000
2-13-58-4.png,306,320,0.0000
2-14-1-7.png,306,320,0.0000
2-14-2-8.png,306,320,0.0000
2-14-3-9.png,306,320,0.0000
2-14-4-10.png,306,320,0.0000
2-14-5-11.png,306,320,0.0000
2-14-6-12.png,306,320,0.0000
2-14-7-13.png,306,320,0.0000
2-14-8-14.png,306,320,0.0000
2-14-9-15.png,306,320,0.0000
2-14-10-16.png,306,320,0.0000
2-14-10-17.png,306,320,0.0000
2-14-11-18.png,306,320,0.0000
2-14-13-19.png,306,320,0.0000
2-14-13-20.png,306,320,0.0000
2-14-14-21.png,306,320,0.0000
2-14-14-22.png,306,320,0.0000
2-14-18-23.png,306,320,0.0000
2-14-22-27.png,306,320,0.0000
2-14-22-28.png,306,320,0.0000
2-14-23-29.png,306,320,0.0000
2-14-24-30.png,306,320,0.0000
2-14-25-31.png,306,320,0.0000
2-14-30-32.png,306,320,0.0000
2-14-31-33.png,306,320,0.0000
2-14-31-34.png,306,320,0.0000
2-14-31-35.png,306,320,0.0000
2-14-31-36.png,306,320,0.0000
2-14-31-37.png,306,320,0.0000
2-14-32-38.png,306,320,0.0000
2-14-32-39.png,306,320,0.0000
2-14-32-40.png,306,320,0.0000
2-14-35-41.png,306,320,0.0000
2-14-35-42.png,306,320,0.0000
2-14-35-43.png,306,320,0.0000
2-14-36-44.png,306,320,0.0000
2-14-37-45.png,306,320,0.0000
2-14-39-46.png,306,320,0.0000
2-14-40-47.png,306,320,0.0000
2-14-41-48.png,306,320,0.0000
2-14-42-49.png,306,320,0.0000
2-14-43-50.png,306,320,0.0000
2-14-45-51.png,306,320,0.0000
2-14-45-52.png,306,320,0.0000
2-14-54-60.png,306,320,0.0000
2-14-54-61.png,306,320,0.0000
2-14-56-62.png,306,320,0.0000
2-14-56-63.png,306,320,0.0000
2-14-57-64.png,306,320,0.0000
2-14-58-65.png,306,320,0.0000
2-14-59-66.png,306,320,0.0000
2-15-0-67.png,306,320,0.0000
2-15-1-68.png,306,320,0.0000
2-15-7-74.png,306,320,0.0000
2-15-9-75.png,306,320,0.0000
2-15-19-76.png,306,320,0.0000
2-15-20-77.png,306,320,0.0000
2-15-20-78.png,306,320,0.0000
2-15-20-79.png,306,320,0.0000
2-15-23-80.png,306,320,0.0000
2-15-23-81.png,306,320,0.0000
2-15-23-82.png,306,320,0.0000
2-15-24-83.png,306,320,0.0000
2-15-27-84.png,306,320,0.0000
2-15-27-85.png,306,320,0.0000
2-15-27-86.png,306,320,0.0000
2-15-27-87.png,306,320,0.0000
2-15-30-88.png,306,320,0.0000
2-15-31-89.png,306,320,0.0000
2-15-31-90.png,306,320,0.0000
2-15-31-91.png,306,320,0.0000
2-15-42-1.png,306,320,0.0000
2-15-42-2.png,306,320,0.0000
2-15-42-3.png,306,320,0.0000
2-15-42-4.png,306,320,0.0000
2-15-43-5.png,306,320,0.0000
2-15-43-6.png,306,320,0.0000
2-15-43-7.png,306,320,0.0000
2-15-43-8.png,306,320,0.0000
2-15-44-9.png,306,320,0.0000
2-15-45-10.png,306,320,0.0000
2-15-46-11.png,306,320,0.0000
2-15-47-12.png,306,320,0.0000
2-15-48-13.png,306,320,0.0000
2-15-48-14.png,306,320,0.0000
2-15-49-15.png,306,320,0.0000
2-15-53-16.png,306,320,0.0000
2-15-53-17.png,306,320,0.0000
2-15-54-18.png,306,320,0.0000
2-16-1-19.png,306,320,0.0000
2-16-1-20.png,306,320,0.0000
2-16-1-21.png,306,320,0.0000
2-16-2-22.png,306,320,0.0000
2-16-2-23.png,306,320,0.0000
2-16-2-24.png,306,320,0.0000
2-16-2-25.png,306,320,0.0000
2-16-2-26.png,306,320,0.0000
2-16-3-27.png,306,320,0.0000
2-16-3-28.png,306,320,0.0000
2-16-3-29.png,306,320,0.0000
2-16-3-30.png,306,320,0.0000
2-16-4-31.png,306,320,0.0000
2-16-4-32.png,306,320,0.0000
2-16-6-33.png,306,320,0.0000
2-16-7-34.png,306,320,0.0000
2-16-7-35.png,306,320,0.0000
2-16-8-36.png,306,320,0.0000
2-16-9-37.png,306,320,0.0000
2-16-18-47.png,306,320,0.0000
2-16-19-48.png,306,320,0.0000
2-16-19-49.png,306,320,0.0000
2-16-21-50.png,306,320,0.0000
2-16-21-51.png,306,320,0.0000
2-16-22-52.png,306,320,0.0000
2-16-23-53.png,306,320,0.0000
2-16-23-54.png,306,320,0.0000
2-16-25-55.png,306,320,0.0000
2-16-26-56.png,306,320,0.0000
2-16-27-57.png,306,320,0.0000
2-16-27-58.png,306,320,0.0000
2-16-28-59.png,306,320,0.0000
2-16-29-60.png,306,320,0.0000
2-16-30-61.png,306,320,0.0000
2-16-31-62.png,306,320,0.0000
2-16-38-63.png,306,320,0.0000
2-16-38-64.png,306,320,0.0000
2-16-38-65.png,306,320,0.0000
2-16-39-66.png,306,320,0.0000
2-16-39-67.png,306,320,0.0000
2-16-39-68.png,306,320,0.0000
2-16-39-69.png,306,320,0.0000
2-16-39-70.png,306,320,0.0000
2-16-40-71.png,306,320,0.0000
2-16-47-72.png,306,320,0.0000
2-16-47-73.png,306,320,0.0000
2-16-48-74.png,306,320,0.0000
2-16-48-75.png,306,320,0.0000
2-16-49-76.png,306,320,0.0000
2-16-51-77.png,306,320,0.0000
2-16-52-78.png,306,320,0.0000
2-16-53-79.png,306,320,0.0000
2-16-54-80.png,306,320,0.0000
2-16-55-81.png,306,320,0.0000
2-16-56-82.png,306,320,0.0000
2-16-57-83.png,306,320,0.0000
2-16-58-84.png,306,320,0.0000
2-17-0-85.png,306,320,0.0000
2-17-1-86.png,306,320,0.0000
2-17-2-87.png,306,320,0.0000
2-17-3-88.png,306,320,0.0000
2-17-4-89.png,306,320,0.0000
2-17-6-90.png,306,320,0.0000
2-17-7-91.png,306,320,0.0000
2-17-7-92.png,306,320,0.0000
2-17-10-93.png,306,320,0.0000
2-17-11-94.png,306,320,0.0000
2-17-12-95.png,306,320,0.0000
2-17-12-96.png,306,320,0.0000
2-17-13-97.png,306,320,0.0000
2-17-14-98.png,306,320,0.0000
2-17-15-99.png,306,320,0.0000
2-17-15-100.png,306,320,0.0000
2-17-16-0.png,306,320,0.0000
2-17-17-1.png,306,320,0.0000
2-17-18-2.png,306,320,0.0000
2-17-29-15.png,306,320,0.0000
2-17-30-16.png,306,320,0.0000
2-17-30-17.png,306,320,0.0000
2-17-31-18.png,306,320,0.0000
2-17-32-19.png,306,320,0.0000
2-17-38-20.png,306,320,0.0000
2-17-38-21.png,306,320,0.0000
2-17-39-22.png,306,320,0.0000
2-17-40-23.png,306,320,0.0000
2-17-41-24.png,306,320,0.0000
2-17-42-25.png,306,320,0.0000
2-17-43-26.png,306,320,0.0000
2-17-51-27.png,306,320,0.0000
2-17-52-28.png,306,320,0.0000
2-17-52-29.png,306,320,0.0000
2-17-52-30.png,306,320,0.0000
2-19-46-28.png,306,320,0.0000
2-19-47-29.png,306,320,0.0000
2-19-48-30.png,306,320,0.0000
2-19-49-31.png,306,320,0.0000
2-19-51-32.png,306,320,0.0000
2-19-52-33.png,306,320,0.0000
2-19-53-34.png,306,320,0.0000
2-19-54-35.png,306,320,0.0000
2-19-55-36.png,306,320,0.0000
2-19-56-37.png,306,320,0.0000
2-19-57-38.png,306,320,0.0000
2-19-58-39.png,306,320,0.0000
2-19-59-40.png,306,320,0.0000
2-20-0-41.png,306,320,0.0000
2-20-1-42.png,306,320,0.0000
2-20-1-43.png,306,320,0.0000
2-20-7-48.png,306,320,0.0000
2-20-9-49.png,306,320,0.0000
2-20-10-50.png,306,320,0.0000
2-20-14-51.png,306,320,0.0000
2-20-14-52.png,306,320,0.0000
2-20-16-53.png,306,320,0.0000
2-20-16-54.png,306,320,0.0000
2-20-18-55.png,306,320,0.0000
2-20-19-56.png,306,320,0.0000
2-20-19-57.png,306,320,0.0000
2-20-20-58.png,306,320,0.0000
2-20-22-61.png,306,320,0.0000
2-20-24-62.png,306,320,0.0000
2-20-25-63.png,306,320,0.0000
2-20-25-64.png,306,320,0.0000
2-20-26-65.png,306,320,0.0000
2-20-27-66.png,306,320,0.0000
2-20-28-67.png,306,320,0.0000
2-20-35-68.png,306,320,0.0000
2-20-36-69.png,306,320,0.0000
2-20-36-70.png,306,320,0.0000
2-20-36-71.png,306,320,0.0000
2-20-36-72.png,306,320,0.0000
2-20-37-73.png,306,320,0.0000
2-20-37-74.png,306,320,0.0000
2-20-37-75.png,306,320,0.0000
2-20-37-76.png,306,320,0.0000
2-20-37-77.png,306,320,0.0000
2-20-38-78.png,306,320,0.0000
2-20-38-79.png,306,320,0.0000
2-20-39-80.png,306,320,0.0000
2-20-40-81.png,306,320,0.0000
2-20-40-82.png,306,320,0.0000
2-20-42-83.png,306,320,0.0000
2-20-42-84.png,306,320,0.0000
2-20-43-85.png,306,320,0.0000
2-20-44-86.png,306,320,0.0000
2-20-44-87.png,306,320,0.0000
2-20-46-88.png,306,320,0.0000
2-20-46-89.png,306,320,0.0000
2-20-47-90.png,306,320,0.0000
2-20-48-91.png,306,320,0.0000
2-20-48-92.png,306,320,0.0000
2-20-50-93.png,306,320,0.0000
2-20-50-94.png,306,320,0.0000
2-20-51-95.png,306,320,0.0000
2-20-53-96.png,306,320,0.0000
2-20-54-97.png,306,320,0.0000
2-20-55-98.png,306,320,0.0000
2-20-57-100.png,306,320,0.0000
2-20-58-0.png,306,320,0.0000
2-21-0-1.png,306,320,0.0000
2-21-0-2.png,306,320,0.0000
2-21-2-3.png,306,320,0.0000
2-21-3-4.png,306,320,0.0000
2-21-4-5.png,306,320,0.0000
2-21-5-6.png,306,320,0.0000
2-21-16-7.png,306,320,0.0000
2-21-17-8.png,306,320,0.0000
2-21-18-9.png,306,320,0.0000
2-21-18-10.png,306,320,0.0000
2-21-20-11.png,306,320,0.0000
2-21-20-12.png,306,320,0.0000
2-21-21-13.png,306,320,0.0000
2-21-22-14.png,306,320,0.0000
2-21-22-15.png,306,320,0.0000
2-21-23-16.png,306,320,0.0000
2-21-24-17.png,306,320,0.0000
2-21-25-18.png,306,320,0.0000
2-21-28-22.png,306,320,0.0000
2-21-29-23.png,306,320,0.0000
2-21-29-24.png,306,320,0.0000
2-21-30-25.png,306,320,0.0000
2-21-31-26.png,306,320,0.0000
2-21-31-27.png,306,320,0.0000
2-21-33-28.png,306,320,0.0000
2-21-33-29.png,306,320,0.0000
2-21-34-30.png,306,320,0.0000
2-21-35-31.png,306,320,0.0000
2-21-42-32.png,306,320,0.0000
2-21-42-33.png,306,320,0.0000
2-21-42-34.png,306,320,0.0000
2-21-42-35.png,306,320,0.0000
2-21-43-36.png,306,320,0.0000
2-21-43-37.png,306,320,0.0000
2-21-43-38.png,306,320,0.0000
2-21-43-39.png,306,320,0.0000
2-21-43-40.png,306,320,0.0000
2-21-48-41.png,306,320,0.0000
2-21-48-42.png,306,320,0.0000
2-21-49-43.png,306,320,0.0000
2-21-50-44.png,306,320,0.0000
2-21-51-45.png,306,320,0.0000
2-21-52-46.png,306,320,0.0000
2-21-54-47.png,306,320,0.0000
2-21-55-48.png,306,320,0.0000
2-21-57-49.png,306,320,0.0000
2-21-58-50.png,306,320,0.0000
2-22-1-51.png,306,320,0.0000
2-22-6-54.png,306,320,0.0000
2-22-7-55.png,306,320,0.0000
2-22-8-56.png,306,320,0.0000
2-22-8-57.png,306,320,0.0000
2-22-10-58.png,306,320,0.0000
2-22-11-59.png,306,320,0.0000
2-22-11-60.png,306,320,0.0000
2-22-12-61.png,306,320,0.0000
2-22-17-67.png,306,320,0.0000
2-22-18-68.png,306,320,0.0000
2-22-18-69.png,306,320,0.0000
2-22-20-70.png,306,320,0.0000
2-22-21-71.png,306,320,0.0000
2-22-21-72.png,306,320,0.0000
2-22-22-73.png,306,320,0.0000
2-22-23-74.png,306,320,0.0000
2-22-24-75.png,306,320,0.0000
2-22-25-76.png,306,320,0.0000
2-22-30-77.png,306,320,0.0000
2-22-30-78.png,306,320,0.0000
2-22-31-79.png,306,320,0.0000
2-22-32-80.png,306,320,0.0000
2-22-33-81.png,306,320,0.0000
2-22-34-82.png,306,320,0.0000
2-22-34-83.png,306,320,0.0000
2-22-36-84.png,306,320,0.0000
2-22-37-85.png,306,320,0.0000
2-22-37-86.png,306,320,0.0000
2-22-38-87.png,306,320,0.0000
2-22-38-88.png,306,320,0.0000
2-22-40-89.png,306,320,0.0000
2-22-40-90.png,306,320,0.0000
2-22-41-91.png,306,320,0.0000
2-22-41-92.png,306,320,0.0000
2-22-42-93.png,306,320,0.0000
2-22-43-94.png,306,320,0.0000
2-22-43-95.png,306,320,0.0000
2-22-53-96.png,306,320,0.0000
2-22-53-97.png,306,320,0.0000
2-22-53-98.png,306,320,0.0000
2-22-53-99.png,306,320,0.0000
2-22-54-100.png,306,320,0.0000
2-22-54-0.png,306,320,0.0000
2-22-54-1.png,306,320,0.0000
2-22-54-2.png,306,320,0.0000
2-22-54-3.png,306,320,0.0000
2-23-1-4.png,306,320,0.0000
2-23-1-5.png,306,320,0.0000
2-23-2-6.png,306,320,0.0000
2-23-3-7.png,306,320,0.0000
2-23-4-8.png,306,320,0.0000
2-23-5-9.png,306,320,0.0000
2-23-6-10.png,306,320,0.0000
2-23-10-11.png,306,320,0.0000
2-23-10-12.png,306,320,0.0000
2-23-12-13.png,306,320,0.0000
2-23-12-14.png,306,320,0.0000
2-23-14-15.png,306,320,0.0000
2-23-15-16.png,306,320,0.0000
2-23-16-17.png,306,320,0.0000
2-23-17-18.png,306,320,0.0000
2-23-18-19.png,306,320,0.0000
2-23-25-24.png,306,320,0.0000
2-23-26-25.png,306,320,0.0000
2-23-27-26.png,306,320,0.0000
2-23-28-27.png,306,320,0.0000
2-23-29-28.png,306,320,0.0000
2-23-31-29.png,306,320,0.0000
2-23-32-30.png,306,320,0.0000
2-23-33-31.png,306,320,0.0000
2-23-34-32.png,306,320,0.0000
2-23-34-33.png,306,320,0.0000
2-23-35-34.png,306,320,0.0000
2-23-42-35.png,306,320,0.0000
2-23-43-36.png,306,320,0.0000
2-23-43-37.png,306,320,0.0000
2-23-43-38.png,306,320,0.0000
2-23-51-50.png,306,320,0.0000
2-23-52-51.png,306,320,0.0000
2-23-53-52.png,306,320,0.0000
2-23-54-53.png,306,320,0.0000
2-23-56-54.png,306,320,0.0000
2-23-57-55.png,306,320,0.0000
2-23-58-56.png,306,320,0.0000
2-23-59-57.png,306,320,0.0000
2-24-0-58.png,306,320,0.0000
2-24-2-59.png,306,320,0.0000
2-24-8-60.png,306,320,0.0000
2-24-8-61.png,306,320,0.0000
2-24-9-62.png,306,320,0.0000
2-24-9-63.png,306,320,0.0000
2-24-9-64.png,306,320,0.0000
2-24-9-65.png,306,320,0.0000
2-24-9-66.png,306,320,0.0000
2-24-10-67.png,306,320,0.0000
2-24-10-68.png,306,320,0.0000
2-24-10-69.png,306,320,0.0000
2-24-10-70.png,306,320,0.0000
2-24-11-71.png,306,320,0.0000
2-24-12-72.png,306,320,0.0000
2-24-20-83.png,306,320,0.0000
2-24-21-84.png,306,320,0.0000
2-24-21-85.png,306,320,0.0000
2-24-23-86.png,306,320,0.0000
2-24-23-87.png,306,320,0.0000
2-24-24-88.png,306,320,0.0000
2-24-24-89.png,306,320,0.0000
2-24-25-90.png,306,320,0.0000
2-24-26-91.png,306,320,0.0000
2-24-26-92.png,306,320,0.0000
2-24-27-93.png,306,320,0.0000
2-24-28-94.png,306,320,0.0000
2-24-28-95.png,306,320,0.0000
2-24-29-96.png,306,320,0.0000
2-24-30-97.png,306,320,0.0000
2-24-32-98.png,306,320,0.0000
2-24-33-99.png,306,320,0.0000
2-24-34-100.png,306,320,0.0000
